2026-09-27 08:04:38.473+0000: shutting down, reason=failed
2026-09-27 08:05:01.956+0000: Starting external device: TPM Emulator
/usr/bin/swtpm socket --ctrl type=unixio,path=/run/libvirt/qemu/swtpm/2-win11-siemens-swtpm.sock,mode=0600 --tpmstate dir=/var/lib/libvirt/swtpm/e39af3f0-0d5f-4932-8934-9fe33d19ce86/tpm2,mode=0600,lock --log file=/var/log/swtpm/libvirt/qemu/win11-siemens-swtpm.log --terminate --tpm2
2026-09-27 08:05:02.016+0000: starting up libvirt version: 12.7.0, qemu version: 11.1.1, kernel: 7.2.8-1-cachyos, hostname: cachyos-x8664
LC_ALL=C \
PATH=/usr/local/sbin:/usr/local/bin:/usr/bin \
USER=root \
HOME=/var/lib/libvirt/qemu/domain-2-win11-siemens \
XDG_DATA_HOME=/var/lib/libvirt/qemu/domain-2-win11-siemens/.local/share \
XDG_CACHE_HOME=/var/lib/libvirt/qemu/domain-2-win11-siemens/.cache \
XDG_CONFIG_HOME=/var/lib/libvirt/qemu/domain-2-win11-siemens/.config \
/usr/bin/qemu-system-x86_64 \
-name guest=win11-siemens,debug-threads=on \
-S \
-object '{"qom-type":"secret","id":"masterKey0","format":"raw","file":"/var/lib/libvirt/qemu/domain-2-win11-siemens/master-key.aes"}' \
-blockdev '{"driver":"file","filename":"/usr/share/edk2/x64/OVMF_CODE.secboot.4m.fd","node-name":"libvirt-pflash0-storage","auto-read-only":true,"discard":"unmap"}' \
-blockdev '{"node-name":"libvirt-pflash0-format","read-only":true,"driver":"raw","file":"libvirt-pflash0-storage"}' \
-blockdev '{"driver":"file","filename":"/var/lib/libvirt/qemu/nvram/win11-siemens_VARS.fd","node-name":"libvirt-pflash1-storage","read-only":false}' \
-machine pc-q35-11.1,usb=off,vmport=off,smm=on,dump-guest-core=off,memory-backend=pc.ram,pflash0=libvirt-pflash0-format,pflash1=libvirt-pflash1-storage,hpet=off,acpi=on \
-accel kvm \
-cpu host,migratable=on,hv-time=on,hv-relaxed=on,hv-vapic=on,hv-spinlocks=0x1fff,hv-vpindex=on,hv-runtime=on,hv-synic=on,hv-stimer=on,hv-frequencies=on,hv-tlbflush=on,hv-ipi=on,hv-evmcs=on,hv-avic=on \
-global driver=cfi.pflash01,property=secure,value=on \
-m size=16777216k \
-object '{"qom-type":"memory-backend-file","id":"pc.ram","mem-path":"/dev/hugepages/libvirt/qemu/2-win11-siemens","x-use-canonical-path-for-ramblock-id":false,"prealloc":true,"size":17179869184}' \
-overcommit mem-lock=off \
-smp 8,sockets=1,dies=1,clusters=1,cores=8,threads=1 \
-uuid e39af3f0-0d5f-4932-8934-9fe33d19ce86 \
-no-user-config \
-nodefaults \
-chardev socket,id=charmonitor,fd=32,server=on,wait=off \
-object '{"qom-type":"monitor-qmp","id":"monitor","chardev":"charmonitor"}' \
-rtc base=localtime,driftfix=slew \
-global kvm-pit.lost_tick_policy=delay \
-no-shutdown \
-global ICH9-LPC.disable_s3=1 \
-global ICH9-LPC.disable_s4=1 \
-boot strict=on \
-device '{"driver":"pcie-root-port","port":16,"chassis":1,"id":"pci.1","bus":"pcie.0","multifunction":true,"addr":"0x2"}' \
-device '{"driver":"pcie-root-port","port":17,"chassis":2,"id":"pci.2","bus":"pcie.0","addr":"0x2.0x1"}' \
-device '{"driver":"pcie-root-port","port":18,"chassis":3,"id":"pci.3","bus":"pcie.0","addr":"0x2.0x2"}' \
-device '{"driver":"pcie-root-port","port":19,"chassis":4,"id":"pci.4","bus":"pcie.0","addr":"0x2.0x3"}' \
-device '{"driver":"pcie-root-port","port":20,"chassis":5,"id":"pci.5","bus":"pcie.0","addr":"0x2.0x4"}' \
-device '{"driver":"pcie-root-port","port":21,"chassis":6,"id":"pci.6","bus":"pcie.0","addr":"0x2.0x5"}' \
-device '{"driver":"pcie-root-port","port":22,"chassis":7,"id":"pci.7","bus":"pcie.0","addr":"0x2.0x6"}' \
-device '{"driver":"pcie-root-port","port":23,"chassis":8,"id":"pci.8","bus":"pcie.0","addr":"0x2.0x7"}' \
-device '{"driver":"pcie-root-port","port":24,"chassis":9,"id":"pci.9","bus":"pcie.0","multifunction":true,"addr":"0x3"}' \
-device '{"driver":"pcie-root-port","port":25,"chassis":10,"id":"pci.10","bus":"pcie.0","addr":"0x3.0x1"}' \
-device '{"driver":"pcie-root-port","port":26,"chassis":11,"id":"pci.11","bus":"pcie.0","addr":"0x3.0x2"}' \
-device '{"driver":"pcie-root-port","port":27,"chassis":12,"id":"pci.12","bus":"pcie.0","addr":"0x3.0x3"}' \
-device '{"driver":"pcie-root-port","port":28,"chassis":13,"id":"pci.13","bus":"pcie.0","addr":"0x3.0x4"}' \
-device '{"driver":"pcie-root-port","port":29,"chassis":14,"id":"pci.14","bus":"pcie.0","addr":"0x3.0x5"}' \
-device '{"driver":"qemu-xhci","p2":15,"p3":15,"id":"usb","bus":"pci.3","addr":"0x0"}' \
-device '{"driver":"virtio-scsi-pci","id":"scsi0","bus":"pci.2","addr":"0x0"}' \
-device '{"driver":"virtio-serial-pci","id":"virtio-serial0","bus":"pci.4","addr":"0x0"}' \
-blockdev '{"driver":"host_device","filename":"/dev/zvol/zpcachyos/vms/win11","aio":"io_uring","node-name":"libvirt-3-storage","read-only":false,"discard":"unmap","detect-zeroes":"unmap","cache":{"direct":true,"no-flush":false}}' \
-device '{"driver":"scsi-hd","bus":"scsi0.0","channel":0,"scsi-id":0,"lun":0,"device_id":"WIN11-E39AF3F00D5F493289349FE33D19CE86-DISK","drive":"libvirt-3-storage","id":"scsi0-0-0-0","bootindex":1,"write-cache":"on","serial":"WIN11-E39AF3F00D5F493289349FE33D19CE86-DISK"}' \
-blockdev '{"driver":"file","filename":"/run/media/z000g9hu/Ventoy/ISO/Imported/Windows11-25H2-Official-Multi-DE.iso","node-name":"libvirt-2-storage","read-only":true}' \
-device '{"driver":"ide-cd","bus":"ide.1","drive":"libvirt-2-storage","id":"sata0-0-1"}' \
-blockdev '{"driver":"file","filename":"/run/media/z000g9hu/Ventoy/ISO/Imported/virtio-win.iso","node-name":"libvirt-1-storage","read-only":true}' \
-device '{"driver":"ide-cd","bus":"ide.2","drive":"libvirt-1-storage","id":"sata0-0-2"}' \
-netdev '{"type":"tap","fd":"33","vhost":true,"vhostfd":"35","id":"hostnet0"}' \
-device '{"driver":"virtio-net-pci","netdev":"hostnet0","id":"net0","mac":"52:54:00:df:a5:d1","bus":"pci.1","addr":"0x0"}' \
-chardev pty,id=charserial0 \
-device '{"driver":"isa-serial","chardev":"charserial0","id":"serial0","index":0}' \
-chardev spicevmc,id=charchannel0,name=vdagent \
-device '{"driver":"virtserialport","bus":"virtio-serial0.0","nr":1,"chardev":"charchannel0","id":"channel0","name":"com.redhat.spice.0"}' \
-chardev socket,id=chrtpm,path=/run/libvirt/qemu/swtpm/2-win11-siemens-swtpm.sock \
-tpmdev emulator,id=tpm-tpm0,chardev=chrtpm \
-device '{"driver":"tpm-crb","tpmdev":"tpm-tpm0","id":"tpm0"}' \
-device '{"driver":"usb-tablet","id":"input0","bus":"usb.0","port":"1"}' \
-audiodev '{"id":"audio1","driver":"spice"}' \
-spice port=5900,addr=127.0.0.1,disable-ticketing=on,image-compression=off,streaming-video=off,seamless-migration=on \
-device '{"driver":"virtio-vga","id":"video0","max_outputs":1,"bus":"pcie.0","addr":"0x1"}' \
-device '{"driver":"ich9-intel-hda","id":"sound0","bus":"pcie.0","addr":"0x1b"}' \
-device '{"driver":"hda-duplex","id":"sound0-codec0","bus":"sound0.0","cad":0,"audiodev":"audio1"}' \
-global ICH9-LPC.noreboot=off \
-watchdog-action reset \
-chardev spicevmc,id=charredir0,name=usbredir \
-device '{"driver":"usb-redir","chardev":"charredir0","id":"redir0","bus":"usb.0","port":"2"}' \
-chardev spicevmc,id=charredir1,name=usbredir \
-device '{"driver":"usb-redir","chardev":"charredir1","id":"redir1","bus":"usb.0","port":"3"}' \
-device '{"driver":"virtio-balloon-pci","id":"balloon0","bus":"pci.5","addr":"0x0"}' \
-sandbox on,obsolete=deny,elevateprivileges=deny,spawn=deny,resourcecontrol=deny \
-msg timestamp=on
char device redirected to /dev/pts/4 (label charserial0)
2026-09-27T08:05:02.102808Z qemu-system-x86_64: -blockdev {"driver":"file","filename":"/run/media/z000g9hu/Ventoy/ISO/Imported/Windows11-25H2-Official-Multi-DE.iso","node-name":"libvirt-2-storage","read-only":true}: Could not open '/run/media/z000g9hu/Ventoy/ISO/Imported/Windows11-25H2-Official-Multi-DE.iso': Permission denied
2026-09-27 08:05:02.127+0000: shutting down, reason=failed
2026-09-27 08:07:46.468+0000: Starting external device: TPM Emulator
/usr/bin/swtpm socket --ctrl type=unixio,path=/run/libvirt/qemu/swtpm/3-win11-siemens-swtpm.sock,mode=0600 --tpmstate dir=/var/lib/libvirt/swtpm/e39af3f0-0d5f-4932-8934-9fe33d19ce86/tpm2,mode=0600,lock --log file=/var/log/swtpm/libvirt/qemu/win11-siemens-swtpm.log --terminate --tpm2
2026-09-27 08:07:46.516+0000: starting up libvirt version: 12.7.0, qemu version: 11.1.1, kernel: 7.2.8-1-cachyos, hostname: cachyos-x8664
LC_ALL=C \
PATH=/usr/local/sbin:/usr/local/bin:/usr/bin \
USER=root \
HOME=/var/lib/libvirt/qemu/domain-3-win11-siemens \
XDG_DATA_HOME=/var/lib/libvirt/qemu/domain-3-win11-siemens/.local/share \
XDG_CACHE_HOME=/var/lib/libvirt/qemu/domain-3-win11-siemens/.cache \
XDG_CONFIG_HOME=/var/lib/libvirt/qemu/domain-3-win11-siemens/.config \
/usr/bin/qemu-system-x86_64 \
-name guest=win11-siemens,debug-threads=on \
-S \
-object '{"qom-type":"secret","id":"masterKey0","format":"raw","file":"/var/lib/libvirt/qemu/domain-3-win11-siemens/master-key.aes"}' \
-blockdev '{"driver":"file","filename":"/usr/share/edk2/x64/OVMF_CODE.secboot.4m.fd","node-name":"libvirt-pflash0-storage","auto-read-only":true,"discard":"unmap"}' \
-blockdev '{"node-name":"libvirt-pflash0-format","read-only":true,"driver":"raw","file":"libvirt-pflash0-storage"}' \
-blockdev '{"driver":"file","filename":"/var/lib/libvirt/qemu/nvram/win11-siemens_VARS.fd","node-name":"libvirt-pflash1-storage","read-only":false}' \
-machine pc-q35-11.1,usb=off,vmport=off,smm=on,dump-guest-core=off,memory-backend=pc.ram,pflash0=libvirt-pflash0-format,pflash1=libvirt-pflash1-storage,hpet=off,acpi=on \
-accel kvm \
-cpu host,migratable=on,hv-time=on,hv-relaxed=on,hv-vapic=on,hv-spinlocks=0x1fff,hv-vpindex=on,hv-runtime=on,hv-synic=on,hv-stimer=on,hv-frequencies=on,hv-tlbflush=on,hv-ipi=on,hv-evmcs=on,hv-avic=on \
-global driver=cfi.pflash01,property=secure,value=on \
-m size=16777216k \
-object '{"qom-type":"memory-backend-file","id":"pc.ram","mem-path":"/dev/hugepages/libvirt/qemu/3-win11-siemens","x-use-canonical-path-for-ramblock-id":false,"prealloc":true,"size":17179869184}' \
-overcommit mem-lock=off \
-smp 8,sockets=1,dies=1,clusters=1,cores=8,threads=1 \
-uuid e39af3f0-0d5f-4932-8934-9fe33d19ce86 \
-no-user-config \
-nodefaults \
-chardev socket,id=charmonitor,fd=32,server=on,wait=off \
-object '{"qom-type":"monitor-qmp","id":"monitor","chardev":"charmonitor"}' \
-rtc base=localtime,driftfix=slew \
-global kvm-pit.lost_tick_policy=delay \
-no-shutdown \
-global ICH9-LPC.disable_s3=1 \
-global ICH9-LPC.disable_s4=1 \
-boot strict=on \
-device '{"driver":"pcie-root-port","port":16,"chassis":1,"id":"pci.1","bus":"pcie.0","multifunction":true,"addr":"0x2"}' \
-device '{"driver":"pcie-root-port","port":17,"chassis":2,"id":"pci.2","bus":"pcie.0","addr":"0x2.0x1"}' \
-device '{"driver":"pcie-root-port","port":18,"chassis":3,"id":"pci.3","bus":"pcie.0","addr":"0x2.0x2"}' \
-device '{"driver":"pcie-root-port","port":19,"chassis":4,"id":"pci.4","bus":"pcie.0","addr":"0x2.0x3"}' \
-device '{"driver":"pcie-root-port","port":20,"chassis":5,"id":"pci.5","bus":"pcie.0","addr":"0x2.0x4"}' \
-device '{"driver":"pcie-root-port","port":21,"chassis":6,"id":"pci.6","bus":"pcie.0","addr":"0x2.0x5"}' \
-device '{"driver":"pcie-root-port","port":22,"chassis":7,"id":"pci.7","bus":"pcie.0","addr":"0x2.0x6"}' \
-device '{"driver":"pcie-root-port","port":23,"chassis":8,"id":"pci.8","bus":"pcie.0","addr":"0x2.0x7"}' \
-device '{"driver":"pcie-root-port","port":24,"chassis":9,"id":"pci.9","bus":"pcie.0","multifunction":true,"addr":"0x3"}' \
-device '{"driver":"pcie-root-port","port":25,"chassis":10,"id":"pci.10","bus":"pcie.0","addr":"0x3.0x1"}' \
-device '{"driver":"pcie-root-port","port":26,"chassis":11,"id":"pci.11","bus":"pcie.0","addr":"0x3.0x2"}' \
-device '{"driver":"pcie-root-port","port":27,"chassis":12,"id":"pci.12","bus":"pcie.0","addr":"0x3.0x3"}' \
-device '{"driver":"pcie-root-port","port":28,"chassis":13,"id":"pci.13","bus":"pcie.0","addr":"0x3.0x4"}' \
-device '{"driver":"pcie-root-port","port":29,"chassis":14,"id":"pci.14","bus":"pcie.0","addr":"0x3.0x5"}' \
-device '{"driver":"qemu-xhci","p2":15,"p3":15,"id":"usb","bus":"pci.3","addr":"0x0"}' \
-device '{"driver":"virtio-scsi-pci","id":"scsi0","bus":"pci.2","addr":"0x0"}' \
-device '{"driver":"virtio-serial-pci","id":"virtio-serial0","bus":"pci.4","addr":"0x0"}' \
-blockdev '{"driver":"host_device","filename":"/dev/zvol/zpcachyos/vms/win11","aio":"io_uring","node-name":"libvirt-3-storage","read-only":false,"discard":"unmap","detect-zeroes":"unmap","cache":{"direct":true,"no-flush":false}}' \
-device '{"driver":"scsi-hd","bus":"scsi0.0","channel":0,"scsi-id":0,"lun":0,"device_id":"WIN11-E39AF3F00D5F493289349FE33D19CE86-DISK","drive":"libvirt-3-storage","id":"scsi0-0-0-0","bootindex":1,"write-cache":"on","serial":"WIN11-E39AF3F00D5F493289349FE33D19CE86-DISK"}' \
-blockdev '{"driver":"file","filename":"/var/lib/libvirt/boot/Windows11-25H2-Official-Multi-DE.iso","node-name":"libvirt-2-storage","read-only":true}' \
-device '{"driver":"ide-cd","bus":"ide.1","drive":"libvirt-2-storage","id":"sata0-0-1"}' \
-blockdev '{"driver":"file","filename":"/var/lib/libvirt/boot/virtio-win.iso","node-name":"libvirt-1-storage","read-only":true}' \
-device '{"driver":"ide-cd","bus":"ide.2","drive":"libvirt-1-storage","id":"sata0-0-2"}' \
-netdev '{"type":"tap","fd":"33","vhost":true,"vhostfd":"35","id":"hostnet0"}' \
-device '{"driver":"virtio-net-pci","netdev":"hostnet0","id":"net0","mac":"52:54:00:df:a5:d1","bus":"pci.1","addr":"0x0"}' \
-chardev pty,id=charserial0 \
-device '{"driver":"isa-serial","chardev":"charserial0","id":"serial0","index":0}' \
-chardev spicevmc,id=charchannel0,name=vdagent \
-device '{"driver":"virtserialport","bus":"virtio-serial0.0","nr":1,"chardev":"charchannel0","id":"channel0","name":"com.redhat.spice.0"}' \
-chardev socket,id=chrtpm,path=/run/libvirt/qemu/swtpm/3-win11-siemens-swtpm.sock \
-tpmdev emulator,id=tpm-tpm0,chardev=chrtpm \
-device '{"driver":"tpm-crb","tpmdev":"tpm-tpm0","id":"tpm0"}' \
-device '{"driver":"usb-tablet","id":"input0","bus":"usb.0","port":"1"}' \
-audiodev '{"id":"audio1","driver":"spice"}' \
-spice port=5900,addr=127.0.0.1,disable-ticketing=on,image-compression=off,streaming-video=off,seamless-migration=on \
-device '{"driver":"virtio-vga","id":"video0","max_outputs":1,"bus":"pcie.0","addr":"0x1"}' \
-device '{"driver":"ich9-intel-hda","id":"sound0","bus":"pcie.0","addr":"0x1b"}' \
-device '{"driver":"hda-duplex","id":"sound0-codec0","bus":"sound0.0","cad":0,"audiodev":"audio1"}' \
-global ICH9-LPC.noreboot=off \
-watchdog-action reset \
-chardev spicevmc,id=charredir0,name=usbredir \
-device '{"driver":"usb-redir","chardev":"charredir0","id":"redir0","bus":"usb.0","port":"2"}' \
-chardev spicevmc,id=charredir1,name=usbredir \
-device '{"driver":"usb-redir","chardev":"charredir1","id":"redir1","bus":"usb.0","port":"3"}' \
-device '{"driver":"virtio-balloon-pci","id":"balloon0","bus":"pci.5","addr":"0x0"}' \
-sandbox on,obsolete=deny,elevateprivileges=deny,spawn=deny,resourcecontrol=deny \
-msg timestamp=on
char device redirected to /dev/pts/4 (label charserial0)
2026-09-27T08:07:46.619616Z qemu-system-x86_64: unable to map backing store for guest RAM: Cannot allocate memory
2026-09-27 08:07:46.645+0000: shutting down, reason=failed
2026-09-27 08:08:36.250+0000: Starting external device: TPM Emulator
/usr/bin/swtpm socket --ctrl type=unixio,path=/run/libvirt/qemu/swtpm/4-win11-siemens-swtpm.sock,mode=0600 --tpmstate dir=/var/lib/libvirt/swtpm/e39af3f0-0d5f-4932-8934-9fe33d19ce86/tpm2,mode=0600,lock --log file=/var/log/swtpm/libvirt/qemu/win11-siemens-swtpm.log --terminate --tpm2
2026-09-27 08:08:36.270+0000: starting up libvirt version: 12.7.0, qemu version: 11.1.1, kernel: 7.2.8-1-cachyos, hostname: cachyos-x8664
LC_ALL=C \
PATH=/usr/local/sbin:/usr/local/bin:/usr/bin \
USER=root \
HOME=/var/lib/libvirt/qemu/domain-4-win11-siemens \
XDG_DATA_HOME=/var/lib/libvirt/qemu/domain-4-win11-siemens/.local/share \
XDG_CACHE_HOME=/var/lib/libvirt/qemu/domain-4-win11-siemens/.cache \
XDG_CONFIG_HOME=/var/lib/libvirt/qemu/domain-4-win11-siemens/.config \
/usr/bin/qemu-system-x86_64 \
-name guest=win11-siemens,debug-threads=on \
-S \
-object '{"qom-type":"secret","id":"masterKey0","format":"raw","file":"/var/lib/libvirt/qemu/domain-4-win11-siemens/master-key.aes"}' \
-blockdev '{"driver":"file","filename":"/usr/share/edk2/x64/OVMF_CODE.secboot.4m.fd","node-name":"libvirt-pflash0-storage","auto-read-only":true,"discard":"unmap"}' \
-blockdev '{"node-name":"libvirt-pflash0-format","read-only":true,"driver":"raw","file":"libvirt-pflash0-storage"}' \
-blockdev '{"driver":"file","filename":"/var/lib/libvirt/qemu/nvram/win11-siemens_VARS.fd","node-name":"libvirt-pflash1-storage","read-only":false}' \
-machine pc-q35-11.1,usb=off,vmport=off,smm=on,dump-guest-core=off,memory-backend=pc.ram,pflash0=libvirt-pflash0-format,pflash1=libvirt-pflash1-storage,hpet=off,acpi=on \
-accel kvm \
-cpu host,migratable=on,hv-time=on,hv-relaxed=on,hv-vapic=on,hv-spinlocks=0x1fff,hv-vpindex=on,hv-runtime=on,hv-synic=on,hv-stimer=on,hv-frequencies=on,hv-tlbflush=on,hv-ipi=on,hv-evmcs=on,hv-avic=on \
-global driver=cfi.pflash01,property=secure,value=on \
-m size=16777216k \
-object '{"qom-type":"memory-backend-ram","id":"pc.ram","size":17179869184}' \
-overcommit mem-lock=off \
-smp 8,sockets=1,dies=1,clusters=1,cores=8,threads=1 \
-uuid e39af3f0-0d5f-4932-8934-9fe33d19ce86 \
-no-user-config \
-nodefaults \
-chardev socket,id=charmonitor,fd=32,server=on,wait=off \
-object '{"qom-type":"monitor-qmp","id":"monitor","chardev":"charmonitor"}' \
-rtc base=localtime,driftfix=slew \
-global kvm-pit.lost_tick_policy=delay \
-no-shutdown \
-global ICH9-LPC.disable_s3=1 \
-global ICH9-LPC.disable_s4=1 \
-boot strict=on \
-device '{"driver":"pcie-root-port","port":16,"chassis":1,"id":"pci.1","bus":"pcie.0","multifunction":true,"addr":"0x2"}' \
-device '{"driver":"pcie-root-port","port":17,"chassis":2,"id":"pci.2","bus":"pcie.0","addr":"0x2.0x1"}' \
-device '{"driver":"pcie-root-port","port":18,"chassis":3,"id":"pci.3","bus":"pcie.0","addr":"0x2.0x2"}' \
-device '{"driver":"pcie-root-port","port":19,"chassis":4,"id":"pci.4","bus":"pcie.0","addr":"0x2.0x3"}' \
-device '{"driver":"pcie-root-port","port":20,"chassis":5,"id":"pci.5","bus":"pcie.0","addr":"0x2.0x4"}' \
-device '{"driver":"pcie-root-port","port":21,"chassis":6,"id":"pci.6","bus":"pcie.0","addr":"0x2.0x5"}' \
-device '{"driver":"pcie-root-port","port":22,"chassis":7,"id":"pci.7","bus":"pcie.0","addr":"0x2.0x6"}' \
-device '{"driver":"pcie-root-port","port":23,"chassis":8,"id":"pci.8","bus":"pcie.0","addr":"0x2.0x7"}' \
-device '{"driver":"pcie-root-port","port":24,"chassis":9,"id":"pci.9","bus":"pcie.0","multifunction":true,"addr":"0x3"}' \
-device '{"driver":"pcie-root-port","port":25,"chassis":10,"id":"pci.10","bus":"pcie.0","addr":"0x3.0x1"}' \
-device '{"driver":"pcie-root-port","port":26,"chassis":11,"id":"pci.11","bus":"pcie.0","addr":"0x3.0x2"}' \
-device '{"driver":"pcie-root-port","port":27,"chassis":12,"id":"pci.12","bus":"pcie.0","addr":"0x3.0x3"}' \
-device '{"driver":"pcie-root-port","port":28,"chassis":13,"id":"pci.13","bus":"pcie.0","addr":"0x3.0x4"}' \
-device '{"driver":"pcie-root-port","port":29,"chassis":14,"id":"pci.14","bus":"pcie.0","addr":"0x3.0x5"}' \
-device '{"driver":"qemu-xhci","p2":15,"p3":15,"id":"usb","bus":"pci.3","addr":"0x0"}' \
-device '{"driver":"virtio-scsi-pci","id":"scsi0","bus":"pci.2","addr":"0x0"}' \
-device '{"driver":"virtio-serial-pci","id":"virtio-serial0","bus":"pci.4","addr":"0x0"}' \
-blockdev '{"driver":"host_device","filename":"/dev/zvol/zpcachyos/vms/win11","aio":"io_uring","node-name":"libvirt-3-storage","read-only":false,"discard":"unmap","detect-zeroes":"unmap","cache":{"direct":true,"no-flush":false}}' \
-device '{"driver":"scsi-hd","bus":"scsi0.0","channel":0,"scsi-id":0,"lun":0,"device_id":"WIN11-E39AF3F00D5F493289349FE33D19CE86-DISK","drive":"libvirt-3-storage","id":"scsi0-0-0-0","bootindex":1,"write-cache":"on","serial":"WIN11-E39AF3F00D5F493289349FE33D19CE86-DISK"}' \
-blockdev '{"driver":"file","filename":"/var/lib/libvirt/boot/Windows11-25H2-Official-Multi-DE.iso","node-name":"libvirt-2-storage","read-only":true}' \
-device '{"driver":"ide-cd","bus":"ide.1","drive":"libvirt-2-storage","id":"sata0-0-1"}' \
-blockdev '{"driver":"file","filename":"/var/lib/libvirt/boot/virtio-win.iso","node-name":"libvirt-1-storage","read-only":true}' \
-device '{"driver":"ide-cd","bus":"ide.2","drive":"libvirt-1-storage","id":"sata0-0-2"}' \
-netdev '{"type":"tap","fd":"33","vhost":true,"vhostfd":"35","id":"hostnet0"}' \
-device '{"driver":"virtio-net-pci","netdev":"hostnet0","id":"net0","mac":"52:54:00:df:a5:d1","bus":"pci.1","addr":"0x0"}' \
-chardev pty,id=charserial0 \
-device '{"driver":"isa-serial","chardev":"charserial0","id":"serial0","index":0}' \
-chardev spicevmc,id=charchannel0,name=vdagent \
-device '{"driver":"virtserialport","bus":"virtio-serial0.0","nr":1,"chardev":"charchannel0","id":"channel0","name":"com.redhat.spice.0"}' \
-chardev socket,id=chrtpm,path=/run/libvirt/qemu/swtpm/4-win11-siemens-swtpm.sock \
-tpmdev emulator,id=tpm-tpm0,chardev=chrtpm \
-device '{"driver":"tpm-crb","tpmdev":"tpm-tpm0","id":"tpm0"}' \
-device '{"driver":"usb-tablet","id":"input0","bus":"usb.0","port":"1"}' \
-audiodev '{"id":"audio1","driver":"spice"}' \
-spice port=5900,addr=127.0.0.1,disable-ticketing=on,image-compression=off,streaming-video=off,seamless-migration=on \
-device '{"driver":"virtio-vga","id":"video0","max_outputs":1,"bus":"pcie.0","addr":"0x1"}' \
-device '{"driver":"ich9-intel-hda","id":"sound0","bus":"pcie.0","addr":"0x1b"}' \
-device '{"driver":"hda-duplex","id":"sound0-codec0","bus":"sound0.0","cad":0,"audiodev":"audio1"}' \
-global ICH9-LPC.noreboot=off \
-watchdog-action reset \
-chardev spicevmc,id=charredir0,name=usbredir \
-device '{"driver":"usb-redir","chardev":"charredir0","id":"redir0","bus":"usb.0","port":"2"}' \
-chardev spicevmc,id=charredir1,name=usbredir \
-device '{"driver":"usb-redir","chardev":"charredir1","id":"redir1","bus":"usb.0","port":"3"}' \
-device '{"driver":"virtio-balloon-pci","id":"balloon0","bus":"pci.5","addr":"0x0"}' \
-sandbox on,obsolete=deny,elevateprivileges=deny,spawn=deny,resourcecontrol=deny \
-msg timestamp=on
char device redirected to /dev/pts/4 (label charserial0)
2026-09-27T08:08:36.459154Z qemu-system-x86_64: -device {"driver":"scsi-hd","bus":"scsi0.0","channel":0,"scsi-id":0,"lun":0,"device_id":"WIN11-E39AF3F00D5F493289349FE33D19CE86-DISK","drive":"libvirt-3-storage","id":"scsi0-0-0-0","bootindex":1,"write-cache":"on","serial":"WIN11-E39AF3F00D5F493289349FE33D19CE86-DISK"}: The serial number can't be longer than 36 characters
2026-09-27 08:08:36.491+0000: shutting down, reason=failed
2026-09-27 08:08:54.855+0000: Starting external device: TPM Emulator
/usr/bin/swtpm socket --ctrl type=unixio,path=/run/libvirt/qemu/swtpm/5-win11-siemens-swtpm.sock,mode=0600 --tpmstate dir=/var/lib/libvirt/swtpm/e39af3f0-0d5f-4932-8934-9fe33d19ce86/tpm2,mode=0600,lock --log file=/var/log/swtpm/libvirt/qemu/win11-siemens-swtpm.log --terminate --tpm2
2026-09-27 08:08:54.876+0000: starting up libvirt version: 12.7.0, qemu version: 11.1.1, kernel: 7.2.8-1-cachyos, hostname: cachyos-x8664
LC_ALL=C \
PATH=/usr/local/sbin:/usr/local/bin:/usr/bin \
USER=root \
HOME=/var/lib/libvirt/qemu/domain-5-win11-siemens \
XDG_DATA_HOME=/var/lib/libvirt/qemu/domain-5-win11-siemens/.local/share \
XDG_CACHE_HOME=/var/lib/libvirt/qemu/domain-5-win11-siemens/.cache \
XDG_CONFIG_HOME=/var/lib/libvirt/qemu/domain-5-win11-siemens/.config \
/usr/bin/qemu-system-x86_64 \
-name guest=win11-siemens,debug-threads=on \
-S \
-object '{"qom-type":"secret","id":"masterKey0","format":"raw","file":"/var/lib/libvirt/qemu/domain-5-win11-siemens/master-key.aes"}' \
-blockdev '{"driver":"file","filename":"/usr/share/edk2/x64/OVMF_CODE.secboot.4m.fd","node-name":"libvirt-pflash0-storage","auto-read-only":true,"discard":"unmap"}' \
-blockdev '{"node-name":"libvirt-pflash0-format","read-only":true,"driver":"raw","file":"libvirt-pflash0-storage"}' \
-blockdev '{"driver":"file","filename":"/var/lib/libvirt/qemu/nvram/win11-siemens_VARS.fd","node-name":"libvirt-pflash1-storage","read-only":false}' \
-machine pc-q35-11.1,usb=off,vmport=off,smm=on,dump-guest-core=off,memory-backend=pc.ram,pflash0=libvirt-pflash0-format,pflash1=libvirt-pflash1-storage,hpet=off,acpi=on \
-accel kvm \
-cpu host,migratable=on,hv-time=on,hv-relaxed=on,hv-vapic=on,hv-spinlocks=0x1fff,hv-vpindex=on,hv-runtime=on,hv-synic=on,hv-stimer=on,hv-frequencies=on,hv-tlbflush=on,hv-ipi=on,hv-evmcs=on,hv-avic=on \
-global driver=cfi.pflash01,property=secure,value=on \
-m size=16777216k \
-object '{"qom-type":"memory-backend-ram","id":"pc.ram","size":17179869184}' \
-overcommit mem-lock=off \
-smp 8,sockets=1,dies=1,clusters=1,cores=8,threads=1 \
-uuid e39af3f0-0d5f-4932-8934-9fe33d19ce86 \
-no-user-config \
-nodefaults \
-chardev socket,id=charmonitor,fd=32,server=on,wait=off \
-object '{"qom-type":"monitor-qmp","id":"monitor","chardev":"charmonitor"}' \
-rtc base=localtime,driftfix=slew \
-global kvm-pit.lost_tick_policy=delay \
-no-shutdown \
-global ICH9-LPC.disable_s3=1 \
-global ICH9-LPC.disable_s4=1 \
-boot strict=on \
-device '{"driver":"pcie-root-port","port":16,"chassis":1,"id":"pci.1","bus":"pcie.0","multifunction":true,"addr":"0x2"}' \
-device '{"driver":"pcie-root-port","port":17,"chassis":2,"id":"pci.2","bus":"pcie.0","addr":"0x2.0x1"}' \
-device '{"driver":"pcie-root-port","port":18,"chassis":3,"id":"pci.3","bus":"pcie.0","addr":"0x2.0x2"}' \
-device '{"driver":"pcie-root-port","port":19,"chassis":4,"id":"pci.4","bus":"pcie.0","addr":"0x2.0x3"}' \
-device '{"driver":"pcie-root-port","port":20,"chassis":5,"id":"pci.5","bus":"pcie.0","addr":"0x2.0x4"}' \
-device '{"driver":"pcie-root-port","port":21,"chassis":6,"id":"pci.6","bus":"pcie.0","addr":"0x2.0x5"}' \
-device '{"driver":"pcie-root-port","port":22,"chassis":7,"id":"pci.7","bus":"pcie.0","addr":"0x2.0x6"}' \
-device '{"driver":"pcie-root-port","port":23,"chassis":8,"id":"pci.8","bus":"pcie.0","addr":"0x2.0x7"}' \
-device '{"driver":"pcie-root-port","port":24,"chassis":9,"id":"pci.9","bus":"pcie.0","multifunction":true,"addr":"0x3"}' \
-device '{"driver":"pcie-root-port","port":25,"chassis":10,"id":"pci.10","bus":"pcie.0","addr":"0x3.0x1"}' \
-device '{"driver":"pcie-root-port","port":26,"chassis":11,"id":"pci.11","bus":"pcie.0","addr":"0x3.0x2"}' \
-device '{"driver":"pcie-root-port","port":27,"chassis":12,"id":"pci.12","bus":"pcie.0","addr":"0x3.0x3"}' \
-device '{"driver":"pcie-root-port","port":28,"chassis":13,"id":"pci.13","bus":"pcie.0","addr":"0x3.0x4"}' \
-device '{"driver":"pcie-root-port","port":29,"chassis":14,"id":"pci.14","bus":"pcie.0","addr":"0x3.0x5"}' \
-device '{"driver":"qemu-xhci","p2":15,"p3":15,"id":"usb","bus":"pci.3","addr":"0x0"}' \
-device '{"driver":"virtio-scsi-pci","id":"scsi0","bus":"pci.2","addr":"0x0"}' \
-device '{"driver":"virtio-serial-pci","id":"virtio-serial0","bus":"pci.4","addr":"0x0"}' \
-blockdev '{"driver":"host_device","filename":"/dev/zvol/zpcachyos/vms/win11","aio":"io_uring","node-name":"libvirt-3-storage","read-only":false,"discard":"unmap","detect-zeroes":"unmap","cache":{"direct":true,"no-flush":false}}' \
-device '{"driver":"scsi-hd","bus":"scsi0.0","channel":0,"scsi-id":0,"lun":0,"device_id":"WIN11-E39AF3F00D5F493289349FE33D19CE","drive":"libvirt-3-storage","id":"scsi0-0-0-0","bootindex":1,"write-cache":"on","serial":"WIN11-E39AF3F00D5F493289349FE33D19CE"}' \
-blockdev '{"driver":"file","filename":"/var/lib/libvirt/boot/Windows11-25H2-Official-Multi-DE.iso","node-name":"libvirt-2-storage","read-only":true}' \
-device '{"driver":"ide-cd","bus":"ide.1","drive":"libvirt-2-storage","id":"sata0-0-1"}' \
-blockdev '{"driver":"file","filename":"/var/lib/libvirt/boot/virtio-win.iso","node-name":"libvirt-1-storage","read-only":true}' \
-device '{"driver":"ide-cd","bus":"ide.2","drive":"libvirt-1-storage","id":"sata0-0-2"}' \
-netdev '{"type":"tap","fd":"33","vhost":true,"vhostfd":"35","id":"hostnet0"}' \
-device '{"driver":"virtio-net-pci","netdev":"hostnet0","id":"net0","mac":"52:54:00:df:a5:d1","bus":"pci.1","addr":"0x0"}' \
-chardev pty,id=charserial0 \
-device '{"driver":"isa-serial","chardev":"charserial0","id":"serial0","index":0}' \
-chardev spicevmc,id=charchannel0,name=vdagent \
-device '{"driver":"virtserialport","bus":"virtio-serial0.0","nr":1,"chardev":"charchannel0","id":"channel0","name":"com.redhat.spice.0"}' \
-chardev socket,id=chrtpm,path=/run/libvirt/qemu/swtpm/5-win11-siemens-swtpm.sock \
-tpmdev emulator,id=tpm-tpm0,chardev=chrtpm \
-device '{"driver":"tpm-crb","tpmdev":"tpm-tpm0","id":"tpm0"}' \
-device '{"driver":"usb-tablet","id":"input0","bus":"usb.0","port":"1"}' \
-audiodev '{"id":"audio1","driver":"spice"}' \
-spice port=5900,addr=127.0.0.1,disable-ticketing=on,image-compression=off,streaming-video=off,seamless-migration=on \
-device '{"driver":"virtio-vga","id":"video0","max_outputs":1,"bus":"pcie.0","addr":"0x1"}' \
-device '{"driver":"ich9-intel-hda","id":"sound0","bus":"pcie.0","addr":"0x1b"}' \
-device '{"driver":"hda-duplex","id":"sound0-codec0","bus":"sound0.0","cad":0,"audiodev":"audio1"}' \
-global ICH9-LPC.noreboot=off \
-watchdog-action reset \
-chardev spicevmc,id=charredir0,name=usbredir \
-device '{"driver":"usb-redir","chardev":"charredir0","id":"redir0","bus":"usb.0","port":"2"}' \
-chardev spicevmc,id=charredir1,name=usbredir \
-device '{"driver":"usb-redir","chardev":"charredir1","id":"redir1","bus":"usb.0","port":"3"}' \
-device '{"driver":"virtio-balloon-pci","id":"balloon0","bus":"pci.5","addr":"0x0"}' \
-sandbox on,obsolete=deny,elevateprivileges=deny,spawn=deny,resourcecontrol=deny \
-msg timestamp=on
char device redirected to /dev/pts/4 (label charserial0)
2026-09-27T08:10:38.441341Z qemu-system-x86_64: terminating on signal 15 from pid 103655 (/usr/bin/libvirtd)
2026-09-27 08:10:38.641+0000: shutting down, reason=destroyed
2026-09-27 08:10:44.366+0000: Starting external device: TPM Emulator
/usr/bin/swtpm socket --ctrl type=unixio,path=/run/libvirt/qemu/swtpm/6-win11-siemens-swtpm.sock,mode=0600 --tpmstate dir=/var/lib/libvirt/swtpm/e39af3f0-0d5f-4932-8934-9fe33d19ce86/tpm2,mode=0600,lock --log file=/var/log/swtpm/libvirt/qemu/win11-siemens-swtpm.log --terminate --tpm2
2026-09-27 08:10:44.399+0000: starting up libvirt version: 12.7.0, qemu version: 11.1.1, kernel: 7.2.8-1-cachyos, hostname: cachyos-x8664
LC_ALL=C \
PATH=/usr/local/sbin:/usr/local/bin:/usr/bin \
USER=root \
HOME=/var/lib/libvirt/qemu/domain-6-win11-siemens \
XDG_DATA_HOME=/var/lib/libvirt/qemu/domain-6-win11-siemens/.local/share \
XDG_CACHE_HOME=/var/lib/libvirt/qemu/domain-6-win11-siemens/.cache \
XDG_CONFIG_HOME=/var/lib/libvirt/qemu/domain-6-win11-siemens/.config \
/usr/bin/qemu-system-x86_64 \
-name guest=win11-siemens,debug-threads=on \
-S \
-object '{"qom-type":"secret","id":"masterKey0","format":"raw","file":"/var/lib/libvirt/qemu/domain-6-win11-siemens/master-key.aes"}' \
-blockdev '{"driver":"file","filename":"/usr/share/edk2/x64/OVMF_CODE.secboot.4m.fd","node-name":"libvirt-pflash0-storage","auto-read-only":true,"discard":"unmap"}' \
-blockdev '{"node-name":"libvirt-pflash0-format","read-only":true,"driver":"raw","file":"libvirt-pflash0-storage"}' \
-blockdev '{"driver":"file","filename":"/var/lib/libvirt/qemu/nvram/win11-siemens_VARS.fd","node-name":"libvirt-pflash1-storage","read-only":false}' \
-machine pc-q35-11.1,usb=off,vmport=off,smm=on,dump-guest-core=off,memory-backend=pc.ram,pflash0=libvirt-pflash0-format,pflash1=libvirt-pflash1-storage,hpet=off,acpi=on \
-accel kvm \
-cpu host,migratable=on,hv-time=on,hv-relaxed=on,hv-vapic=on,hv-spinlocks=0x1fff,hv-vpindex=on,hv-runtime=on,hv-synic=on,hv-stimer=on,hv-frequencies=on,hv-tlbflush=on,hv-ipi=on,hv-evmcs=on,hv-avic=on \
-global driver=cfi.pflash01,property=secure,value=on \
-m size=16777216k \
-object '{"qom-type":"memory-backend-ram","id":"pc.ram","size":17179869184}' \
-overcommit mem-lock=off \
-smp 8,sockets=1,dies=1,clusters=1,cores=8,threads=1 \
-uuid e39af3f0-0d5f-4932-8934-9fe33d19ce86 \
-no-user-config \
-nodefaults \
-chardev socket,id=charmonitor,fd=33,server=on,wait=off \
-object '{"qom-type":"monitor-qmp","id":"monitor","chardev":"charmonitor"}' \
-rtc base=localtime,driftfix=slew \
-global kvm-pit.lost_tick_policy=delay \
-no-shutdown \
-global ICH9-LPC.disable_s3=1 \
-global ICH9-LPC.disable_s4=1 \
-boot strict=on \
-device '{"driver":"pcie-root-port","port":16,"chassis":1,"id":"pci.1","bus":"pcie.0","multifunction":true,"addr":"0x2"}' \
-device '{"driver":"pcie-root-port","port":17,"chassis":2,"id":"pci.2","bus":"pcie.0","addr":"0x2.0x1"}' \
-device '{"driver":"pcie-root-port","port":18,"chassis":3,"id":"pci.3","bus":"pcie.0","addr":"0x2.0x2"}' \
-device '{"driver":"pcie-root-port","port":19,"chassis":4,"id":"pci.4","bus":"pcie.0","addr":"0x2.0x3"}' \
-device '{"driver":"pcie-root-port","port":20,"chassis":5,"id":"pci.5","bus":"pcie.0","addr":"0x2.0x4"}' \
-device '{"driver":"pcie-root-port","port":21,"chassis":6,"id":"pci.6","bus":"pcie.0","addr":"0x2.0x5"}' \
-device '{"driver":"pcie-root-port","port":22,"chassis":7,"id":"pci.7","bus":"pcie.0","addr":"0x2.0x6"}' \
-device '{"driver":"pcie-root-port","port":23,"chassis":8,"id":"pci.8","bus":"pcie.0","addr":"0x2.0x7"}' \
-device '{"driver":"pcie-root-port","port":24,"chassis":9,"id":"pci.9","bus":"pcie.0","multifunction":true,"addr":"0x3"}' \
-device '{"driver":"pcie-root-port","port":25,"chassis":10,"id":"pci.10","bus":"pcie.0","addr":"0x3.0x1"}' \
-device '{"driver":"pcie-root-port","port":26,"chassis":11,"id":"pci.11","bus":"pcie.0","addr":"0x3.0x2"}' \
-device '{"driver":"pcie-root-port","port":27,"chassis":12,"id":"pci.12","bus":"pcie.0","addr":"0x3.0x3"}' \
-device '{"driver":"pcie-root-port","port":28,"chassis":13,"id":"pci.13","bus":"pcie.0","addr":"0x3.0x4"}' \
-device '{"driver":"pcie-root-port","port":29,"chassis":14,"id":"pci.14","bus":"pcie.0","addr":"0x3.0x5"}' \
-device '{"driver":"qemu-xhci","p2":15,"p3":15,"id":"usb","bus":"pci.3","addr":"0x0"}' \
-device '{"driver":"virtio-scsi-pci","id":"scsi0","bus":"pci.2","addr":"0x0"}' \
-device '{"driver":"virtio-serial-pci","id":"virtio-serial0","bus":"pci.4","addr":"0x0"}' \
-blockdev '{"driver":"host_device","filename":"/dev/zvol/zpcachyos/vms/win11","aio":"io_uring","node-name":"libvirt-3-storage","read-only":false,"discard":"unmap","detect-zeroes":"unmap","cache":{"direct":true,"no-flush":false}}' \
-device '{"driver":"scsi-hd","bus":"scsi0.0","channel":0,"scsi-id":0,"lun":0,"device_id":"WIN11-E39AF3F00D5F493289349FE33D19CE","drive":"libvirt-3-storage","id":"scsi0-0-0-0","bootindex":2,"write-cache":"on","serial":"WIN11-E39AF3F00D5F493289349FE33D19CE"}' \
-blockdev '{"driver":"file","filename":"/var/lib/libvirt/boot/Windows11-25H2-Official-Multi-DE.iso","node-name":"libvirt-2-storage","read-only":true}' \
-device '{"driver":"ide-cd","bus":"ide.1","drive":"libvirt-2-storage","id":"sata0-0-1","bootindex":1}' \
-blockdev '{"driver":"file","filename":"/var/lib/libvirt/boot/virtio-win.iso","node-name":"libvirt-1-storage","read-only":true}' \
-device '{"driver":"ide-cd","bus":"ide.2","drive":"libvirt-1-storage","id":"sata0-0-2"}' \
-netdev '{"type":"tap","fd":"34","vhost":true,"vhostfd":"36","id":"hostnet0"}' \
-device '{"driver":"virtio-net-pci","netdev":"hostnet0","id":"net0","mac":"52:54:00:df:a5:d1","bus":"pci.1","addr":"0x0"}' \
-chardev pty,id=charserial0 \
-device '{"driver":"isa-serial","chardev":"charserial0","id":"serial0","index":0}' \
-chardev spicevmc,id=charchannel0,name=vdagent \
-device '{"driver":"virtserialport","bus":"virtio-serial0.0","nr":1,"chardev":"charchannel0","id":"channel0","name":"com.redhat.spice.0"}' \
-chardev socket,id=chrtpm,path=/run/libvirt/qemu/swtpm/6-win11-siemens-swtpm.sock \
-tpmdev emulator,id=tpm-tpm0,chardev=chrtpm \
-device '{"driver":"tpm-crb","tpmdev":"tpm-tpm0","id":"tpm0"}' \
-device '{"driver":"usb-tablet","id":"input0","bus":"usb.0","port":"1"}' \
-audiodev '{"id":"audio1","driver":"spice"}' \
-spice port=5900,addr=127.0.0.1,disable-ticketing=on,image-compression=off,streaming-video=off,seamless-migration=on \
-device '{"driver":"virtio-vga","id":"video0","max_outputs":1,"bus":"pcie.0","addr":"0x1"}' \
-device '{"driver":"ich9-intel-hda","id":"sound0","bus":"pcie.0","addr":"0x1b"}' \
-device '{"driver":"hda-duplex","id":"sound0-codec0","bus":"sound0.0","cad":0,"audiodev":"audio1"}' \
-global ICH9-LPC.noreboot=off \
-watchdog-action reset \
-chardev spicevmc,id=charredir0,name=usbredir \
-device '{"driver":"usb-redir","chardev":"charredir0","id":"redir0","bus":"usb.0","port":"2"}' \
-chardev spicevmc,id=charredir1,name=usbredir \
-device '{"driver":"usb-redir","chardev":"charredir1","id":"redir1","bus":"usb.0","port":"3"}' \
-device '{"driver":"virtio-balloon-pci","id":"balloon0","bus":"pci.5","addr":"0x0"}' \
-sandbox on,obsolete=deny,elevateprivileges=deny,spawn=deny,resourcecontrol=deny \
-msg timestamp=on
char device redirected to /dev/pts/4 (label charserial0)
2026-09-27T08:19:04.014397Z qemu-system-x86_64: terminating on signal 15 from pid 103655 (/usr/bin/libvirtd)
2026-09-27 08:19:05.815+0000: shutting down, reason=destroyed
2026-09-27 08:19:13.226+0000: Starting external device: TPM Emulator
/usr/bin/swtpm socket --ctrl type=unixio,path=/run/libvirt/qemu/swtpm/7-win11-siemens-swtpm.sock,mode=0600 --tpmstate dir=/var/lib/libvirt/swtpm/e39af3f0-0d5f-4932-8934-9fe33d19ce86/tpm2,mode=0600,lock --log file=/var/log/swtpm/libvirt/qemu/win11-siemens-swtpm.log --terminate --tpm2
2026-09-27 08:19:13.249+0000: starting up libvirt version: 12.7.0, qemu version: 11.1.1, kernel: 7.2.8-1-cachyos, hostname: cachyos-x8664
LC_ALL=C \
PATH=/usr/local/sbin:/usr/local/bin:/usr/bin \
USER=root \
HOME=/var/lib/libvirt/qemu/domain-7-win11-siemens \
XDG_DATA_HOME=/var/lib/libvirt/qemu/domain-7-win11-siemens/.local/share \
XDG_CACHE_HOME=/var/lib/libvirt/qemu/domain-7-win11-siemens/.cache \
XDG_CONFIG_HOME=/var/lib/libvirt/qemu/domain-7-win11-siemens/.config \
/usr/bin/qemu-system-x86_64 \
-name guest=win11-siemens,debug-threads=on \
-S \
-object '{"qom-type":"secret","id":"masterKey0","format":"raw","file":"/var/lib/libvirt/qemu/domain-7-win11-siemens/master-key.aes"}' \
-blockdev '{"driver":"file","filename":"/usr/share/edk2/x64/OVMF_CODE.secboot.4m.fd","node-name":"libvirt-pflash0-storage","auto-read-only":true,"discard":"unmap"}' \
-blockdev '{"node-name":"libvirt-pflash0-format","read-only":true,"driver":"raw","file":"libvirt-pflash0-storage"}' \
-blockdev '{"driver":"file","filename":"/var/lib/libvirt/qemu/nvram/win11-siemens_VARS.fd","node-name":"libvirt-pflash1-storage","read-only":false}' \
-machine pc-q35-11.1,usb=off,vmport=off,smm=on,dump-guest-core=off,memory-backend=pc.ram,pflash0=libvirt-pflash0-format,pflash1=libvirt-pflash1-storage,hpet=off,acpi=on \
-accel kvm \
-cpu host,migratable=on,hv-time=on,hv-relaxed=on,hv-vapic=on,hv-spinlocks=0x1fff,hv-vpindex=on,hv-runtime=on,hv-synic=on,hv-stimer=on,hv-frequencies=on,hv-tlbflush=on,hv-ipi=on,hv-evmcs=on,hv-avic=on \
-global driver=cfi.pflash01,property=secure,value=on \
-m size=16777216k \
-object '{"qom-type":"memory-backend-ram","id":"pc.ram","size":17179869184}' \
-overcommit mem-lock=off \
-smp 8,sockets=1,dies=1,clusters=1,cores=8,threads=1 \
-uuid e39af3f0-0d5f-4932-8934-9fe33d19ce86 \
-no-user-config \
-nodefaults \
-chardev socket,id=charmonitor,fd=33,server=on,wait=off \
-object '{"qom-type":"monitor-qmp","id":"monitor","chardev":"charmonitor"}' \
-rtc base=localtime,driftfix=slew \
-global kvm-pit.lost_tick_policy=delay \
-no-shutdown \
-global ICH9-LPC.disable_s3=1 \
-global ICH9-LPC.disable_s4=1 \
-boot strict=on \
-device '{"driver":"pcie-root-port","port":16,"chassis":1,"id":"pci.1","bus":"pcie.0","multifunction":true,"addr":"0x2"}' \
-device '{"driver":"pcie-root-port","port":17,"chassis":2,"id":"pci.2","bus":"pcie.0","addr":"0x2.0x1"}' \
-device '{"driver":"pcie-root-port","port":18,"chassis":3,"id":"pci.3","bus":"pcie.0","addr":"0x2.0x2"}' \
-device '{"driver":"pcie-root-port","port":19,"chassis":4,"id":"pci.4","bus":"pcie.0","addr":"0x2.0x3"}' \
-device '{"driver":"pcie-root-port","port":20,"chassis":5,"id":"pci.5","bus":"pcie.0","addr":"0x2.0x4"}' \
-device '{"driver":"pcie-root-port","port":21,"chassis":6,"id":"pci.6","bus":"pcie.0","addr":"0x2.0x5"}' \
-device '{"driver":"pcie-root-port","port":22,"chassis":7,"id":"pci.7","bus":"pcie.0","addr":"0x2.0x6"}' \
-device '{"driver":"pcie-root-port","port":23,"chassis":8,"id":"pci.8","bus":"pcie.0","addr":"0x2.0x7"}' \
-device '{"driver":"pcie-root-port","port":24,"chassis":9,"id":"pci.9","bus":"pcie.0","multifunction":true,"addr":"0x3"}' \
-device '{"driver":"pcie-root-port","port":25,"chassis":10,"id":"pci.10","bus":"pcie.0","addr":"0x3.0x1"}' \
-device '{"driver":"pcie-root-port","port":26,"chassis":11,"id":"pci.11","bus":"pcie.0","addr":"0x3.0x2"}' \
-device '{"driver":"pcie-root-port","port":27,"chassis":12,"id":"pci.12","bus":"pcie.0","addr":"0x3.0x3"}' \
-device '{"driver":"pcie-root-port","port":28,"chassis":13,"id":"pci.13","bus":"pcie.0","addr":"0x3.0x4"}' \
-device '{"driver":"pcie-root-port","port":29,"chassis":14,"id":"pci.14","bus":"pcie.0","addr":"0x3.0x5"}' \
-device '{"driver":"qemu-xhci","p2":15,"p3":15,"id":"usb","bus":"pci.3","addr":"0x0"}' \
-device '{"driver":"virtio-scsi-pci","id":"scsi0","bus":"pci.2","addr":"0x0"}' \
-device '{"driver":"virtio-serial-pci","id":"virtio-serial0","bus":"pci.4","addr":"0x0"}' \
-blockdev '{"driver":"host_device","filename":"/dev/zvol/zpcachyos/vms/win11","aio":"io_uring","node-name":"libvirt-3-storage","read-only":false,"discard":"unmap","detect-zeroes":"unmap","cache":{"direct":true,"no-flush":false}}' \
-device '{"driver":"scsi-hd","bus":"scsi0.0","channel":0,"scsi-id":0,"lun":0,"device_id":"WIN11-E39AF3F00D5F493289349FE33D19CE","drive":"libvirt-3-storage","id":"scsi0-0-0-0","bootindex":2,"write-cache":"on","serial":"WIN11-E39AF3F00D5F493289349FE33D19CE"}' \
-blockdev '{"driver":"file","filename":"/var/lib/libvirt/boot/Windows11-25H2-Official-Multi-DE.iso","node-name":"libvirt-2-storage","read-only":true}' \
-device '{"driver":"ide-cd","bus":"ide.1","drive":"libvirt-2-storage","id":"sata0-0-1","bootindex":1}' \
-blockdev '{"driver":"file","filename":"/var/lib/libvirt/boot/virtio-win.iso","node-name":"libvirt-1-storage","read-only":true}' \
-device '{"driver":"ide-cd","bus":"ide.2","drive":"libvirt-1-storage","id":"sata0-0-2"}' \
-netdev '{"type":"tap","fd":"34","vhost":true,"vhostfd":"36","id":"hostnet0"}' \
-device '{"driver":"virtio-net-pci","netdev":"hostnet0","id":"net0","mac":"52:54:00:df:a5:d1","bus":"pci.1","addr":"0x0"}' \
-chardev pty,id=charserial0 \
-device '{"driver":"isa-serial","chardev":"charserial0","id":"serial0","index":0}' \
-chardev spicevmc,id=charchannel0,name=vdagent \
-device '{"driver":"virtserialport","bus":"virtio-serial0.0","nr":1,"chardev":"charchannel0","id":"channel0","name":"com.redhat.spice.0"}' \
-chardev socket,id=chrtpm,path=/run/libvirt/qemu/swtpm/7-win11-siemens-swtpm.sock \
-tpmdev emulator,id=tpm-tpm0,chardev=chrtpm \
-device '{"driver":"tpm-crb","tpmdev":"tpm-tpm0","id":"tpm0"}' \
-device '{"driver":"usb-tablet","id":"input0","bus":"usb.0","port":"1"}' \
-audiodev '{"id":"audio1","driver":"spice"}' \
-spice port=5900,addr=127.0.0.1,disable-ticketing=on,image-compression=off,streaming-video=off,seamless-migration=on \
-device '{"driver":"VGA","id":"video0","vgamem_mb":16,"bus":"pcie.0","addr":"0x1"}' \
-device '{"driver":"ich9-intel-hda","id":"sound0","bus":"pcie.0","addr":"0x1b"}' \
-device '{"driver":"hda-duplex","id":"sound0-codec0","bus":"sound0.0","cad":0,"audiodev":"audio1"}' \
-global ICH9-LPC.noreboot=off \
-watchdog-action reset \
-chardev spicevmc,id=charredir0,name=usbredir \
-device '{"driver":"usb-redir","chardev":"charredir0","id":"redir0","bus":"usb.0","port":"2"}' \
-chardev spicevmc,id=charredir1,name=usbredir \
-device '{"driver":"usb-redir","chardev":"charredir1","id":"redir1","bus":"usb.0","port":"3"}' \
-device '{"driver":"virtio-balloon-pci","id":"balloon0","bus":"pci.5","addr":"0x0"}' \
-sandbox on,obsolete=deny,elevateprivileges=deny,spawn=deny,resourcecontrol=deny \
-msg timestamp=on
char device redirected to /dev/pts/4 (label charserial0)
2026-09-27T09:21:19.646089Z qemu-system-x86_64: terminating on signal 15 from pid 103655 (/usr/bin/libvirtd)
2026-09-27 09:21:20.293+0000: shutting down, reason=shutdown
2026-09-27 09:21:26.646+0000: Starting external device: TPM Emulator
/usr/bin/swtpm socket --ctrl type=unixio,path=/run/libvirt/qemu/swtpm/8-win11-siemens-swtpm.sock,mode=0600 --tpmstate dir=/var/lib/libvirt/swtpm/e39af3f0-0d5f-4932-8934-9fe33d19ce86/tpm2,mode=0600,lock --log file=/var/log/swtpm/libvirt/qemu/win11-siemens-swtpm.log --terminate --tpm2
2026-09-27 09:21:26.662+0000: starting up libvirt version: 12.7.0, qemu version: 11.1.1, kernel: 7.2.8-1-cachyos, hostname: cachyos-x8664
LC_ALL=C \
PATH=/usr/local/sbin:/usr/local/bin:/usr/bin \
USER=root \
HOME=/var/lib/libvirt/qemu/domain-8-win11-siemens \
XDG_DATA_HOME=/var/lib/libvirt/qemu/domain-8-win11-siemens/.local/share \
XDG_CACHE_HOME=/var/lib/libvirt/qemu/domain-8-win11-siemens/.cache \
XDG_CONFIG_HOME=/var/lib/libvirt/qemu/domain-8-win11-siemens/.config \
/usr/bin/qemu-system-x86_64 \
-name guest=win11-siemens,debug-threads=on \
-S \
-object '{"qom-type":"secret","id":"masterKey0","format":"raw","file":"/var/lib/libvirt/qemu/domain-8-win11-siemens/master-key.aes"}' \
-blockdev '{"driver":"file","filename":"/usr/share/edk2/x64/OVMF_CODE.secboot.4m.fd","node-name":"libvirt-pflash0-storage","auto-read-only":true,"discard":"unmap"}' \
-blockdev '{"node-name":"libvirt-pflash0-format","read-only":true,"driver":"raw","file":"libvirt-pflash0-storage"}' \
-blockdev '{"driver":"file","filename":"/var/lib/libvirt/qemu/nvram/win11-siemens_VARS.fd","node-name":"libvirt-pflash1-storage","read-only":false}' \
-machine pc-q35-11.1,usb=off,vmport=off,smm=on,dump-guest-core=off,memory-backend=pc.ram,pflash0=libvirt-pflash0-format,pflash1=libvirt-pflash1-storage,hpet=off,acpi=on \
-accel kvm \
-cpu host,migratable=on,hv-time=on,hv-relaxed=on,hv-vapic=on,hv-spinlocks=0x1fff,hv-vpindex=on,hv-runtime=on,hv-synic=on,hv-stimer=on,hv-frequencies=on,hv-tlbflush=on,hv-ipi=on,hv-evmcs=on,hv-avic=on \
-global driver=cfi.pflash01,property=secure,value=on \
-m size=16777216k \
-object '{"qom-type":"memory-backend-ram","id":"pc.ram","size":17179869184}' \
-overcommit mem-lock=off \
-smp 8,sockets=1,dies=1,clusters=1,cores=8,threads=1 \
-uuid e39af3f0-0d5f-4932-8934-9fe33d19ce86 \
-no-user-config \
-nodefaults \
-chardev socket,id=charmonitor,fd=33,server=on,wait=off \
-object '{"qom-type":"monitor-qmp","id":"monitor","chardev":"charmonitor"}' \
-rtc base=localtime,driftfix=slew \
-global kvm-pit.lost_tick_policy=delay \
-no-shutdown \
-global ICH9-LPC.disable_s3=1 \
-global ICH9-LPC.disable_s4=1 \
-boot strict=on \
-device '{"driver":"pcie-root-port","port":16,"chassis":1,"id":"pci.1","bus":"pcie.0","multifunction":true,"addr":"0x2"}' \
-device '{"driver":"pcie-root-port","port":17,"chassis":2,"id":"pci.2","bus":"pcie.0","addr":"0x2.0x1"}' \
-device '{"driver":"pcie-root-port","port":18,"chassis":3,"id":"pci.3","bus":"pcie.0","addr":"0x2.0x2"}' \
-device '{"driver":"pcie-root-port","port":19,"chassis":4,"id":"pci.4","bus":"pcie.0","addr":"0x2.0x3"}' \
-device '{"driver":"pcie-root-port","port":20,"chassis":5,"id":"pci.5","bus":"pcie.0","addr":"0x2.0x4"}' \
-device '{"driver":"pcie-root-port","port":21,"chassis":6,"id":"pci.6","bus":"pcie.0","addr":"0x2.0x5"}' \
-device '{"driver":"pcie-root-port","port":22,"chassis":7,"id":"pci.7","bus":"pcie.0","addr":"0x2.0x6"}' \
-device '{"driver":"pcie-root-port","port":23,"chassis":8,"id":"pci.8","bus":"pcie.0","addr":"0x2.0x7"}' \
-device '{"driver":"pcie-root-port","port":24,"chassis":9,"id":"pci.9","bus":"pcie.0","multifunction":true,"addr":"0x3"}' \
-device '{"driver":"pcie-root-port","port":25,"chassis":10,"id":"pci.10","bus":"pcie.0","addr":"0x3.0x1"}' \
-device '{"driver":"pcie-root-port","port":26,"chassis":11,"id":"pci.11","bus":"pcie.0","addr":"0x3.0x2"}' \
-device '{"driver":"pcie-root-port","port":27,"chassis":12,"id":"pci.12","bus":"pcie.0","addr":"0x3.0x3"}' \
-device '{"driver":"pcie-root-port","port":28,"chassis":13,"id":"pci.13","bus":"pcie.0","addr":"0x3.0x4"}' \
-device '{"driver":"pcie-root-port","port":29,"chassis":14,"id":"pci.14","bus":"pcie.0","addr":"0x3.0x5"}' \
-device '{"driver":"qemu-xhci","p2":15,"p3":15,"id":"usb","bus":"pci.3","addr":"0x0"}' \
-device '{"driver":"virtio-scsi-pci","id":"scsi0","bus":"pci.2","addr":"0x0"}' \
-device '{"driver":"virtio-serial-pci","id":"virtio-serial0","bus":"pci.4","addr":"0x0"}' \
-blockdev '{"driver":"host_device","filename":"/dev/zvol/zpcachyos/vms/win11","aio":"io_uring","node-name":"libvirt-3-storage","read-only":false,"discard":"unmap","detect-zeroes":"unmap","cache":{"direct":true,"no-flush":false}}' \
-device '{"driver":"scsi-hd","bus":"scsi0.0","channel":0,"scsi-id":0,"lun":0,"device_id":"WIN11-E39AF3F00D5F493289349FE33D19CE","drive":"libvirt-3-storage","id":"scsi0-0-0-0","bootindex":2,"write-cache":"on","serial":"WIN11-E39AF3F00D5F493289349FE33D19CE"}' \
-blockdev '{"driver":"file","filename":"/var/lib/libvirt/boot/win11-siemens-install.iso","node-name":"libvirt-2-storage","read-only":true}' \
-device '{"driver":"ide-cd","bus":"ide.1","drive":"libvirt-2-storage","id":"sata0-0-1","bootindex":1}' \
-blockdev '{"driver":"file","filename":"/var/lib/libvirt/boot/virtio-win.iso","node-name":"libvirt-1-storage","read-only":true}' \
-device '{"driver":"ide-cd","bus":"ide.2","drive":"libvirt-1-storage","id":"sata0-0-2"}' \
-netdev '{"type":"tap","fd":"34","vhost":true,"vhostfd":"36","id":"hostnet0"}' \
-device '{"driver":"virtio-net-pci","netdev":"hostnet0","id":"net0","mac":"52:54:00:df:a5:d1","bus":"pci.1","addr":"0x0"}' \
-chardev pty,id=charserial0 \
-device '{"driver":"isa-serial","chardev":"charserial0","id":"serial0","index":0}' \
-chardev spicevmc,id=charchannel0,name=vdagent \
-device '{"driver":"virtserialport","bus":"virtio-serial0.0","nr":1,"chardev":"charchannel0","id":"channel0","name":"com.redhat.spice.0"}' \
-chardev socket,id=chrtpm,path=/run/libvirt/qemu/swtpm/8-win11-siemens-swtpm.sock \
-tpmdev emulator,id=tpm-tpm0,chardev=chrtpm \
-device '{"driver":"tpm-crb","tpmdev":"tpm-tpm0","id":"tpm0"}' \
-device '{"driver":"usb-tablet","id":"input0","bus":"usb.0","port":"1"}' \
-audiodev '{"id":"audio1","driver":"spice"}' \
-spice port=5900,addr=127.0.0.1,disable-ticketing=on,image-compression=off,streaming-video=off,seamless-migration=on \
-device '{"driver":"VGA","id":"video0","vgamem_mb":16,"bus":"pcie.0","addr":"0x1"}' \
-device '{"driver":"ich9-intel-hda","id":"sound0","bus":"pcie.0","addr":"0x1b"}' \
-device '{"driver":"hda-duplex","id":"sound0-codec0","bus":"sound0.0","cad":0,"audiodev":"audio1"}' \
-global ICH9-LPC.noreboot=off \
-watchdog-action reset \
-chardev spicevmc,id=charredir0,name=usbredir \
-device '{"driver":"usb-redir","chardev":"charredir0","id":"redir0","bus":"usb.0","port":"2"}' \
-chardev spicevmc,id=charredir1,name=usbredir \
-device '{"driver":"usb-redir","chardev":"charredir1","id":"redir1","bus":"usb.0","port":"3"}' \
-device '{"driver":"virtio-balloon-pci","id":"balloon0","bus":"pci.5","addr":"0x0"}' \
-sandbox on,obsolete=deny,elevateprivileges=deny,spawn=deny,resourcecontrol=deny \
-msg timestamp=on
char device redirected to /dev/pts/4 (label charserial0)
2026-09-27T09:28:57.832947Z qemu-system-x86_64: terminating on signal 15 from pid 103655 (/usr/bin/libvirtd)
2026-09-27 09:28:58.033+0000: shutting down, reason=destroyed
2026-09-27 09:29:03.397+0000: Starting external device: TPM Emulator
/usr/bin/swtpm socket --ctrl type=unixio,path=/run/libvirt/qemu/swtpm/9-win11-siemens-swtpm.sock,mode=0600 --tpmstate dir=/var/lib/libvirt/swtpm/e39af3f0-0d5f-4932-8934-9fe33d19ce86/tpm2,mode=0600,lock --log file=/var/log/swtpm/libvirt/qemu/win11-siemens-swtpm.log --terminate --tpm2
2026-09-27 09:29:03.415+0000: starting up libvirt version: 12.7.0, qemu version: 11.1.1, kernel: 7.2.8-1-cachyos, hostname: cachyos-x8664
LC_ALL=C \
PATH=/usr/local/sbin:/usr/local/bin:/usr/bin \
USER=root \
HOME=/var/lib/libvirt/qemu/domain-9-win11-siemens \
XDG_DATA_HOME=/var/lib/libvirt/qemu/domain-9-win11-siemens/.local/share \
XDG_CACHE_HOME=/var/lib/libvirt/qemu/domain-9-win11-siemens/.cache \
XDG_CONFIG_HOME=/var/lib/libvirt/qemu/domain-9-win11-siemens/.config \
/usr/bin/qemu-system-x86_64 \
-name guest=win11-siemens,debug-threads=on \
-S \
-object '{"qom-type":"secret","id":"masterKey0","format":"raw","file":"/var/lib/libvirt/qemu/domain-9-win11-siemens/master-key.aes"}' \
-blockdev '{"driver":"file","filename":"/usr/share/edk2/x64/OVMF_CODE.secboot.4m.fd","node-name":"libvirt-pflash0-storage","auto-read-only":true,"discard":"unmap"}' \
-blockdev '{"node-name":"libvirt-pflash0-format","read-only":true,"driver":"raw","file":"libvirt-pflash0-storage"}' \
-blockdev '{"driver":"file","filename":"/var/lib/libvirt/qemu/nvram/win11-siemens_VARS.fd","node-name":"libvirt-pflash1-storage","read-only":false}' \
-machine pc-q35-11.1,usb=off,vmport=off,smm=on,dump-guest-core=off,memory-backend=pc.ram,pflash0=libvirt-pflash0-format,pflash1=libvirt-pflash1-storage,hpet=off,acpi=on \
-accel kvm \
-cpu host,migratable=on,hv-time=on,hv-relaxed=on,hv-vapic=on,hv-spinlocks=0x1fff,hv-vpindex=on,hv-runtime=on,hv-synic=on,hv-stimer=on,hv-frequencies=on,hv-tlbflush=on,hv-ipi=on,hv-evmcs=on,hv-avic=on \
-global driver=cfi.pflash01,property=secure,value=on \
-m size=16777216k \
-object '{"qom-type":"memory-backend-ram","id":"pc.ram","size":17179869184}' \
-overcommit mem-lock=off \
-smp 8,sockets=1,dies=1,clusters=1,cores=8,threads=1 \
-uuid e39af3f0-0d5f-4932-8934-9fe33d19ce86 \
-no-user-config \
-nodefaults \
-chardev socket,id=charmonitor,fd=33,server=on,wait=off \
-object '{"qom-type":"monitor-qmp","id":"monitor","chardev":"charmonitor"}' \
-rtc base=localtime,driftfix=slew \
-global kvm-pit.lost_tick_policy=delay \
-no-shutdown \
-global ICH9-LPC.disable_s3=1 \
-global ICH9-LPC.disable_s4=1 \
-boot strict=on \
-device '{"driver":"pcie-root-port","port":16,"chassis":1,"id":"pci.1","bus":"pcie.0","multifunction":true,"addr":"0x2"}' \
-device '{"driver":"pcie-root-port","port":17,"chassis":2,"id":"pci.2","bus":"pcie.0","addr":"0x2.0x1"}' \
-device '{"driver":"pcie-root-port","port":18,"chassis":3,"id":"pci.3","bus":"pcie.0","addr":"0x2.0x2"}' \
-device '{"driver":"pcie-root-port","port":19,"chassis":4,"id":"pci.4","bus":"pcie.0","addr":"0x2.0x3"}' \
-device '{"driver":"pcie-root-port","port":20,"chassis":5,"id":"pci.5","bus":"pcie.0","addr":"0x2.0x4"}' \
-device '{"driver":"pcie-root-port","port":21,"chassis":6,"id":"pci.6","bus":"pcie.0","addr":"0x2.0x5"}' \
-device '{"driver":"pcie-root-port","port":22,"chassis":7,"id":"pci.7","bus":"pcie.0","addr":"0x2.0x6"}' \
-device '{"driver":"pcie-root-port","port":23,"chassis":8,"id":"pci.8","bus":"pcie.0","addr":"0x2.0x7"}' \
-device '{"driver":"pcie-root-port","port":24,"chassis":9,"id":"pci.9","bus":"pcie.0","multifunction":true,"addr":"0x3"}' \
-device '{"driver":"pcie-root-port","port":25,"chassis":10,"id":"pci.10","bus":"pcie.0","addr":"0x3.0x1"}' \
-device '{"driver":"pcie-root-port","port":26,"chassis":11,"id":"pci.11","bus":"pcie.0","addr":"0x3.0x2"}' \
-device '{"driver":"pcie-root-port","port":27,"chassis":12,"id":"pci.12","bus":"pcie.0","addr":"0x3.0x3"}' \
-device '{"driver":"pcie-root-port","port":28,"chassis":13,"id":"pci.13","bus":"pcie.0","addr":"0x3.0x4"}' \
-device '{"driver":"pcie-root-port","port":29,"chassis":14,"id":"pci.14","bus":"pcie.0","addr":"0x3.0x5"}' \
-device '{"driver":"qemu-xhci","p2":15,"p3":15,"id":"usb","bus":"pci.3","addr":"0x0"}' \
-device '{"driver":"virtio-scsi-pci","id":"scsi0","bus":"pci.2","addr":"0x0"}' \
-device '{"driver":"virtio-serial-pci","id":"virtio-serial0","bus":"pci.4","addr":"0x0"}' \
-blockdev '{"driver":"host_device","filename":"/dev/zvol/zpcachyos/vms/win11","aio":"io_uring","node-name":"libvirt-4-storage","read-only":false,"discard":"unmap","detect-zeroes":"unmap","cache":{"direct":true,"no-flush":false}}' \
-device '{"driver":"scsi-hd","bus":"scsi0.0","channel":0,"scsi-id":0,"lun":0,"device_id":"WIN11-E39AF3F00D5F493289349FE33D19CE","drive":"libvirt-4-storage","id":"scsi0-0-0-0","bootindex":2,"write-cache":"on","serial":"WIN11-E39AF3F00D5F493289349FE33D19CE"}' \
-blockdev '{"driver":"file","filename":"/var/lib/libvirt/boot/Windows11-25H2-Official-Multi-DE.iso","node-name":"libvirt-3-storage","read-only":true}' \
-device '{"driver":"ide-cd","bus":"ide.1","drive":"libvirt-3-storage","id":"sata0-0-1","bootindex":1}' \
-blockdev '{"driver":"file","filename":"/var/lib/libvirt/boot/virtio-win.iso","node-name":"libvirt-2-storage","read-only":true}' \
-device '{"driver":"ide-cd","bus":"ide.2","drive":"libvirt-2-storage","id":"sata0-0-2"}' \
-blockdev '{"driver":"file","filename":"/var/lib/libvirt/boot/win11-siemens-support.iso","node-name":"libvirt-1-storage","read-only":true}' \
-device '{"driver":"ide-cd","bus":"ide.3","drive":"libvirt-1-storage","id":"sata0-0-3"}' \
-netdev '{"type":"tap","fd":"34","vhost":true,"vhostfd":"36","id":"hostnet0"}' \
-device '{"driver":"virtio-net-pci","netdev":"hostnet0","id":"net0","mac":"52:54:00:df:a5:d1","bus":"pci.1","addr":"0x0"}' \
-chardev pty,id=charserial0 \
-device '{"driver":"isa-serial","chardev":"charserial0","id":"serial0","index":0}' \
-chardev spicevmc,id=charchannel0,name=vdagent \
-device '{"driver":"virtserialport","bus":"virtio-serial0.0","nr":1,"chardev":"charchannel0","id":"channel0","name":"com.redhat.spice.0"}' \
-chardev socket,id=chrtpm,path=/run/libvirt/qemu/swtpm/9-win11-siemens-swtpm.sock \
-tpmdev emulator,id=tpm-tpm0,chardev=chrtpm \
-device '{"driver":"tpm-crb","tpmdev":"tpm-tpm0","id":"tpm0"}' \
-device '{"driver":"usb-tablet","id":"input0","bus":"usb.0","port":"1"}' \
-audiodev '{"id":"audio1","driver":"spice"}' \
-spice port=5900,addr=127.0.0.1,disable-ticketing=on,image-compression=off,streaming-video=off,seamless-migration=on \
-device '{"driver":"VGA","id":"video0","vgamem_mb":16,"bus":"pcie.0","addr":"0x1"}' \
-device '{"driver":"ich9-intel-hda","id":"sound0","bus":"pcie.0","addr":"0x1b"}' \
-device '{"driver":"hda-duplex","id":"sound0-codec0","bus":"sound0.0","cad":0,"audiodev":"audio1"}' \
-global ICH9-LPC.noreboot=off \
-watchdog-action reset \
-chardev spicevmc,id=charredir0,name=usbredir \
-device '{"driver":"usb-redir","chardev":"charredir0","id":"redir0","bus":"usb.0","port":"2"}' \
-chardev spicevmc,id=charredir1,name=usbredir \
-device '{"driver":"usb-redir","chardev":"charredir1","id":"redir1","bus":"usb.0","port":"3"}' \
-device '{"driver":"virtio-balloon-pci","id":"balloon0","bus":"pci.5","addr":"0x0"}' \
-sandbox on,obsolete=deny,elevateprivileges=deny,spawn=deny,resourcecontrol=deny \
-msg timestamp=on
char device redirected to /dev/pts/4 (label charserial0)
2026-09-27T09:34:16.539268Z qemu-system-x86_64: terminating on signal 15 from pid 103655 (/usr/bin/libvirtd)
2026-09-27 09:34:16.739+0000: shutting down, reason=destroyed
2026-09-27 09:34:21.189+0000: Starting external device: TPM Emulator
/usr/bin/swtpm socket --ctrl type=unixio,path=/run/libvirt/qemu/swtpm/10-win11-siemens-swtpm.sock,mode=0600 --tpmstate dir=/var/lib/libvirt/swtpm/e39af3f0-0d5f-4932-8934-9fe33d19ce86/tpm2,mode=0600,lock --log file=/var/log/swtpm/libvirt/qemu/win11-siemens-swtpm.log --terminate --tpm2
2026-09-27 09:34:21.212+0000: starting up libvirt version: 12.7.0, qemu version: 11.1.1, kernel: 7.2.8-1-cachyos, hostname: cachyos-x8664
LC_ALL=C \
PATH=/usr/local/sbin:/usr/local/bin:/usr/bin \
USER=root \
HOME=/var/lib/libvirt/qemu/domain-10-win11-siemens \
XDG_DATA_HOME=/var/lib/libvirt/qemu/domain-10-win11-siemens/.local/share \
XDG_CACHE_HOME=/var/lib/libvirt/qemu/domain-10-win11-siemens/.cache \
XDG_CONFIG_HOME=/var/lib/libvirt/qemu/domain-10-win11-siemens/.config \
/usr/bin/qemu-system-x86_64 \
-name guest=win11-siemens,debug-threads=on \
-S \
-object '{"qom-type":"secret","id":"masterKey0","format":"raw","file":"/var/lib/libvirt/qemu/domain-10-win11-siemens/master-key.aes"}' \
-blockdev '{"driver":"file","filename":"/usr/share/edk2/x64/OVMF_CODE.secboot.4m.fd","node-name":"libvirt-pflash0-storage","auto-read-only":true,"discard":"unmap"}' \
-blockdev '{"node-name":"libvirt-pflash0-format","read-only":true,"driver":"raw","file":"libvirt-pflash0-storage"}' \
-blockdev '{"driver":"file","filename":"/var/lib/libvirt/qemu/nvram/win11-siemens_VARS.fd","node-name":"libvirt-pflash1-storage","read-only":false}' \
-machine pc-q35-11.1,usb=off,vmport=off,smm=on,dump-guest-core=off,memory-backend=pc.ram,pflash0=libvirt-pflash0-format,pflash1=libvirt-pflash1-storage,hpet=off,acpi=on \
-accel kvm \
-cpu host,migratable=on,hv-time=on,hv-relaxed=on,hv-vapic=on,hv-spinlocks=0x1fff,hv-vpindex=on,hv-runtime=on,hv-synic=on,hv-stimer=on,hv-frequencies=on,hv-tlbflush=on,hv-ipi=on,hv-evmcs=on,hv-avic=on \
-global driver=cfi.pflash01,property=secure,value=on \
-m size=16777216k \
-object '{"qom-type":"memory-backend-ram","id":"pc.ram","size":17179869184}' \
-overcommit mem-lock=off \
-smp 8,sockets=1,dies=1,clusters=1,cores=8,threads=1 \
-uuid e39af3f0-0d5f-4932-8934-9fe33d19ce86 \
-no-user-config \
-nodefaults \
-chardev socket,id=charmonitor,fd=33,server=on,wait=off \
-object '{"qom-type":"monitor-qmp","id":"monitor","chardev":"charmonitor"}' \
-rtc base=localtime,driftfix=slew \
-global kvm-pit.lost_tick_policy=delay \
-no-shutdown \
-global ICH9-LPC.disable_s3=1 \
-global ICH9-LPC.disable_s4=1 \
-boot menu=off,strict=on \
-device '{"driver":"pcie-root-port","port":16,"chassis":1,"id":"pci.1","bus":"pcie.0","multifunction":true,"addr":"0x2"}' \
-device '{"driver":"pcie-root-port","port":17,"chassis":2,"id":"pci.2","bus":"pcie.0","addr":"0x2.0x1"}' \
-device '{"driver":"pcie-root-port","port":18,"chassis":3,"id":"pci.3","bus":"pcie.0","addr":"0x2.0x2"}' \
-device '{"driver":"pcie-root-port","port":19,"chassis":4,"id":"pci.4","bus":"pcie.0","addr":"0x2.0x3"}' \
-device '{"driver":"pcie-root-port","port":20,"chassis":5,"id":"pci.5","bus":"pcie.0","addr":"0x2.0x4"}' \
-device '{"driver":"pcie-root-port","port":21,"chassis":6,"id":"pci.6","bus":"pcie.0","addr":"0x2.0x5"}' \
-device '{"driver":"pcie-root-port","port":22,"chassis":7,"id":"pci.7","bus":"pcie.0","addr":"0x2.0x6"}' \
-device '{"driver":"pcie-root-port","port":23,"chassis":8,"id":"pci.8","bus":"pcie.0","addr":"0x2.0x7"}' \
-device '{"driver":"pcie-root-port","port":24,"chassis":9,"id":"pci.9","bus":"pcie.0","multifunction":true,"addr":"0x3"}' \
-device '{"driver":"pcie-root-port","port":25,"chassis":10,"id":"pci.10","bus":"pcie.0","addr":"0x3.0x1"}' \
-device '{"driver":"pcie-root-port","port":26,"chassis":11,"id":"pci.11","bus":"pcie.0","addr":"0x3.0x2"}' \
-device '{"driver":"pcie-root-port","port":27,"chassis":12,"id":"pci.12","bus":"pcie.0","addr":"0x3.0x3"}' \
-device '{"driver":"pcie-root-port","port":28,"chassis":13,"id":"pci.13","bus":"pcie.0","addr":"0x3.0x4"}' \
-device '{"driver":"pcie-root-port","port":29,"chassis":14,"id":"pci.14","bus":"pcie.0","addr":"0x3.0x5"}' \
-device '{"driver":"qemu-xhci","p2":15,"p3":15,"id":"usb","bus":"pci.3","addr":"0x0"}' \
-device '{"driver":"virtio-scsi-pci","id":"scsi0","bus":"pci.2","addr":"0x0"}' \
-device '{"driver":"virtio-serial-pci","id":"virtio-serial0","bus":"pci.4","addr":"0x0"}' \
-blockdev '{"driver":"host_device","filename":"/dev/zvol/zpcachyos/vms/win11","aio":"io_uring","node-name":"libvirt-4-storage","read-only":false,"discard":"unmap","detect-zeroes":"unmap","cache":{"direct":true,"no-flush":false}}' \
-device '{"driver":"scsi-hd","bus":"scsi0.0","channel":0,"scsi-id":0,"lun":0,"device_id":"WIN11-E39AF3F00D5F493289349FE33D19CE","drive":"libvirt-4-storage","id":"scsi0-0-0-0","bootindex":2,"write-cache":"on","serial":"WIN11-E39AF3F00D5F493289349FE33D19CE"}' \
-blockdev '{"driver":"file","filename":"/var/lib/libvirt/boot/Windows11-25H2-Official-Multi-DE.iso","node-name":"libvirt-3-storage","read-only":true}' \
-device '{"driver":"ide-cd","bus":"ide.1","drive":"libvirt-3-storage","id":"sata0-0-1","bootindex":1}' \
-blockdev '{"driver":"file","filename":"/var/lib/libvirt/boot/virtio-win.iso","node-name":"libvirt-2-storage","read-only":true}' \
-device '{"driver":"ide-cd","bus":"ide.2","drive":"libvirt-2-storage","id":"sata0-0-2"}' \
-blockdev '{"driver":"file","filename":"/var/lib/libvirt/boot/win11-siemens-support.iso","node-name":"libvirt-1-storage","read-only":true}' \
-device '{"driver":"ide-cd","bus":"ide.3","drive":"libvirt-1-storage","id":"sata0-0-3"}' \
-netdev '{"type":"tap","fd":"34","vhost":true,"vhostfd":"36","id":"hostnet0"}' \
-device '{"driver":"virtio-net-pci","netdev":"hostnet0","id":"net0","mac":"52:54:00:df:a5:d1","bus":"pci.1","addr":"0x0"}' \
-chardev pty,id=charserial0 \
-device '{"driver":"isa-serial","chardev":"charserial0","id":"serial0","index":0}' \
-chardev spicevmc,id=charchannel0,name=vdagent \
-device '{"driver":"virtserialport","bus":"virtio-serial0.0","nr":1,"chardev":"charchannel0","id":"channel0","name":"com.redhat.spice.0"}' \
-chardev socket,id=chrtpm,path=/run/libvirt/qemu/swtpm/10-win11-siemens-swtpm.sock \
-tpmdev emulator,id=tpm-tpm0,chardev=chrtpm \
-device '{"driver":"tpm-crb","tpmdev":"tpm-tpm0","id":"tpm0"}' \
-device '{"driver":"usb-tablet","id":"input0","bus":"usb.0","port":"1"}' \
-audiodev '{"id":"audio1","driver":"spice"}' \
-spice port=5900,addr=127.0.0.1,disable-ticketing=on,image-compression=off,streaming-video=off,seamless-migration=on \
-device '{"driver":"VGA","id":"video0","vgamem_mb":16,"bus":"pcie.0","addr":"0x1"}' \
-device '{"driver":"ich9-intel-hda","id":"sound0","bus":"pcie.0","addr":"0x1b"}' \
-device '{"driver":"hda-duplex","id":"sound0-codec0","bus":"sound0.0","cad":0,"audiodev":"audio1"}' \
-global ICH9-LPC.noreboot=off \
-watchdog-action reset \
-chardev spicevmc,id=charredir0,name=usbredir \
-device '{"driver":"usb-redir","chardev":"charredir0","id":"redir0","bus":"usb.0","port":"2"}' \
-chardev spicevmc,id=charredir1,name=usbredir \
-device '{"driver":"usb-redir","chardev":"charredir1","id":"redir1","bus":"usb.0","port":"3"}' \
-device '{"driver":"virtio-balloon-pci","id":"balloon0","bus":"pci.5","addr":"0x0"}' \
-sandbox on,obsolete=deny,elevateprivileges=deny,spawn=deny,resourcecontrol=deny \
-msg timestamp=on
char device redirected to /dev/pts/4 (label charserial0)
2026-09-27T09:35:43.874008Z qemu-system-x86_64: terminating on signal 15 from pid 103655 (/usr/bin/libvirtd)
2026-09-27 09:35:44.074+0000: shutting down, reason=destroyed
2026-09-27 09:35:49.011+0000: Starting external device: TPM Emulator
/usr/bin/swtpm socket --ctrl type=unixio,path=/run/libvirt/qemu/swtpm/11-win11-siemens-swtpm.sock,mode=0600 --tpmstate dir=/var/lib/libvirt/swtpm/e39af3f0-0d5f-4932-8934-9fe33d19ce86/tpm2,mode=0600,lock --log file=/var/log/swtpm/libvirt/qemu/win11-siemens-swtpm.log --terminate --tpm2
2026-09-27 09:35:49.025+0000: starting up libvirt version: 12.7.0, qemu version: 11.1.1, kernel: 7.2.8-1-cachyos, hostname: cachyos-x8664
LC_ALL=C \
PATH=/usr/local/sbin:/usr/local/bin:/usr/bin \
USER=root \
HOME=/var/lib/libvirt/qemu/domain-11-win11-siemens \
XDG_DATA_HOME=/var/lib/libvirt/qemu/domain-11-win11-siemens/.local/share \
XDG_CACHE_HOME=/var/lib/libvirt/qemu/domain-11-win11-siemens/.cache \
XDG_CONFIG_HOME=/var/lib/libvirt/qemu/domain-11-win11-siemens/.config \
/usr/bin/qemu-system-x86_64 \
-name guest=win11-siemens,debug-threads=on \
-S \
-object '{"qom-type":"secret","id":"masterKey0","format":"raw","file":"/var/lib/libvirt/qemu/domain-11-win11-siemens/master-key.aes"}' \
-blockdev '{"driver":"file","filename":"/usr/share/edk2/x64/OVMF_CODE.4m.fd","node-name":"libvirt-pflash0-storage","auto-read-only":true,"discard":"unmap"}' \
-blockdev '{"node-name":"libvirt-pflash0-format","read-only":true,"driver":"raw","file":"libvirt-pflash0-storage"}' \
-blockdev '{"driver":"file","filename":"/var/lib/libvirt/qemu/nvram/win11-siemens_VARS.fd","node-name":"libvirt-pflash1-storage","read-only":false}' \
-machine pc-q35-11.1,usb=off,vmport=off,smm=on,dump-guest-core=off,memory-backend=pc.ram,pflash0=libvirt-pflash0-format,pflash1=libvirt-pflash1-storage,hpet=off,acpi=on \
-accel kvm \
-cpu host,migratable=on,hv-time=on,hv-relaxed=on,hv-vapic=on,hv-spinlocks=0x1fff,hv-vpindex=on,hv-runtime=on,hv-synic=on,hv-stimer=on,hv-frequencies=on,hv-tlbflush=on,hv-ipi=on,hv-evmcs=on,hv-avic=on \
-m size=16777216k \
-object '{"qom-type":"memory-backend-ram","id":"pc.ram","size":17179869184}' \
-overcommit mem-lock=off \
-smp 8,sockets=1,dies=1,clusters=1,cores=8,threads=1 \
-uuid e39af3f0-0d5f-4932-8934-9fe33d19ce86 \
-no-user-config \
-nodefaults \
-chardev socket,id=charmonitor,fd=33,server=on,wait=off \
-object '{"qom-type":"monitor-qmp","id":"monitor","chardev":"charmonitor"}' \
-rtc base=localtime,driftfix=slew \
-global kvm-pit.lost_tick_policy=delay \
-no-shutdown \
-global ICH9-LPC.disable_s3=1 \
-global ICH9-LPC.disable_s4=1 \
-boot menu=off,strict=on \
-device '{"driver":"pcie-root-port","port":16,"chassis":1,"id":"pci.1","bus":"pcie.0","multifunction":true,"addr":"0x2"}' \
-device '{"driver":"pcie-root-port","port":17,"chassis":2,"id":"pci.2","bus":"pcie.0","addr":"0x2.0x1"}' \
-device '{"driver":"pcie-root-port","port":18,"chassis":3,"id":"pci.3","bus":"pcie.0","addr":"0x2.0x2"}' \
-device '{"driver":"pcie-root-port","port":19,"chassis":4,"id":"pci.4","bus":"pcie.0","addr":"0x2.0x3"}' \
-device '{"driver":"pcie-root-port","port":20,"chassis":5,"id":"pci.5","bus":"pcie.0","addr":"0x2.0x4"}' \
-device '{"driver":"pcie-root-port","port":21,"chassis":6,"id":"pci.6","bus":"pcie.0","addr":"0x2.0x5"}' \
-device '{"driver":"pcie-root-port","port":22,"chassis":7,"id":"pci.7","bus":"pcie.0","addr":"0x2.0x6"}' \
-device '{"driver":"pcie-root-port","port":23,"chassis":8,"id":"pci.8","bus":"pcie.0","addr":"0x2.0x7"}' \
-device '{"driver":"pcie-root-port","port":24,"chassis":9,"id":"pci.9","bus":"pcie.0","multifunction":true,"addr":"0x3"}' \
-device '{"driver":"pcie-root-port","port":25,"chassis":10,"id":"pci.10","bus":"pcie.0","addr":"0x3.0x1"}' \
-device '{"driver":"pcie-root-port","port":26,"chassis":11,"id":"pci.11","bus":"pcie.0","addr":"0x3.0x2"}' \
-device '{"driver":"pcie-root-port","port":27,"chassis":12,"id":"pci.12","bus":"pcie.0","addr":"0x3.0x3"}' \
-device '{"driver":"pcie-root-port","port":28,"chassis":13,"id":"pci.13","bus":"pcie.0","addr":"0x3.0x4"}' \
-device '{"driver":"pcie-root-port","port":29,"chassis":14,"id":"pci.14","bus":"pcie.0","addr":"0x3.0x5"}' \
-device '{"driver":"qemu-xhci","p2":15,"p3":15,"id":"usb","bus":"pci.3","addr":"0x0"}' \
-device '{"driver":"virtio-scsi-pci","id":"scsi0","bus":"pci.2","addr":"0x0"}' \
-device '{"driver":"virtio-serial-pci","id":"virtio-serial0","bus":"pci.4","addr":"0x0"}' \
-blockdev '{"driver":"host_device","filename":"/dev/zvol/zpcachyos/vms/win11","aio":"io_uring","node-name":"libvirt-4-storage","read-only":false,"discard":"unmap","detect-zeroes":"unmap","cache":{"direct":true,"no-flush":false}}' \
-device '{"driver":"scsi-hd","bus":"scsi0.0","channel":0,"scsi-id":0,"lun":0,"device_id":"WIN11-E39AF3F00D5F493289349FE33D19CE","drive":"libvirt-4-storage","id":"scsi0-0-0-0","bootindex":2,"write-cache":"on","serial":"WIN11-E39AF3F00D5F493289349FE33D19CE"}' \
-blockdev '{"driver":"file","filename":"/var/lib/libvirt/boot/Windows11-25H2-Official-Multi-DE.iso","node-name":"libvirt-3-storage","read-only":true}' \
-device '{"driver":"ide-cd","bus":"ide.1","drive":"libvirt-3-storage","id":"sata0-0-1","bootindex":1}' \
-blockdev '{"driver":"file","filename":"/var/lib/libvirt/boot/virtio-win.iso","node-name":"libvirt-2-storage","read-only":true}' \
-device '{"driver":"ide-cd","bus":"ide.2","drive":"libvirt-2-storage","id":"sata0-0-2"}' \
-blockdev '{"driver":"file","filename":"/var/lib/libvirt/boot/win11-siemens-support.iso","node-name":"libvirt-1-storage","read-only":true}' \
-device '{"driver":"ide-cd","bus":"ide.3","drive":"libvirt-1-storage","id":"sata0-0-3"}' \
-netdev '{"type":"tap","fd":"34","vhost":true,"vhostfd":"36","id":"hostnet0"}' \
-device '{"driver":"virtio-net-pci","netdev":"hostnet0","id":"net0","mac":"52:54:00:df:a5:d1","bus":"pci.1","addr":"0x0"}' \
-chardev pty,id=charserial0 \
-device '{"driver":"isa-serial","chardev":"charserial0","id":"serial0","index":0}' \
-chardev spicevmc,id=charchannel0,name=vdagent \
-device '{"driver":"virtserialport","bus":"virtio-serial0.0","nr":1,"chardev":"charchannel0","id":"channel0","name":"com.redhat.spice.0"}' \
-chardev socket,id=chrtpm,path=/run/libvirt/qemu/swtpm/11-win11-siemens-swtpm.sock \
-tpmdev emulator,id=tpm-tpm0,chardev=chrtpm \
-device '{"driver":"tpm-crb","tpmdev":"tpm-tpm0","id":"tpm0"}' \
-device '{"driver":"usb-tablet","id":"input0","bus":"usb.0","port":"1"}' \
-audiodev '{"id":"audio1","driver":"spice"}' \
-spice port=5900,addr=127.0.0.1,disable-ticketing=on,image-compression=off,streaming-video=off,seamless-migration=on \
-device '{"driver":"VGA","id":"video0","vgamem_mb":16,"bus":"pcie.0","addr":"0x1"}' \
-device '{"driver":"ich9-intel-hda","id":"sound0","bus":"pcie.0","addr":"0x1b"}' \
-device '{"driver":"hda-duplex","id":"sound0-codec0","bus":"sound0.0","cad":0,"audiodev":"audio1"}' \
-global ICH9-LPC.noreboot=off \
-watchdog-action reset \
-chardev spicevmc,id=charredir0,name=usbredir \
-device '{"driver":"usb-redir","chardev":"charredir0","id":"redir0","bus":"usb.0","port":"2"}' \
-chardev spicevmc,id=charredir1,name=usbredir \
-device '{"driver":"usb-redir","chardev":"charredir1","id":"redir1","bus":"usb.0","port":"3"}' \
-device '{"driver":"virtio-balloon-pci","id":"balloon0","bus":"pci.5","addr":"0x0"}' \
-sandbox on,obsolete=deny,elevateprivileges=deny,spawn=deny,resourcecontrol=deny \
-msg timestamp=on
char device redirected to /dev/pts/4 (label charserial0)
2026-09-27T09:37:15.379259Z qemu-system-x86_64: terminating on signal 15 from pid 103655 (/usr/bin/libvirtd)
2026-09-27 09:37:15.579+0000: shutting down, reason=destroyed
2026-09-27 09:37:15.649+0000: Starting external device: TPM Emulator
/usr/bin/swtpm socket --ctrl type=unixio,path=/run/libvirt/qemu/swtpm/12-win11-siemens-swtpm.sock,mode=0600 --tpmstate dir=/var/lib/libvirt/swtpm/e39af3f0-0d5f-4932-8934-9fe33d19ce86/tpm2,mode=0600,lock --log file=/var/log/swtpm/libvirt/qemu/win11-siemens-swtpm.log --terminate --tpm2
2026-09-27 09:37:15.663+0000: starting up libvirt version: 12.7.0, qemu version: 11.1.1, kernel: 7.2.8-1-cachyos, hostname: cachyos-x8664
LC_ALL=C \
PATH=/usr/local/sbin:/usr/local/bin:/usr/bin \
USER=root \
HOME=/var/lib/libvirt/qemu/domain-12-win11-siemens \
XDG_DATA_HOME=/var/lib/libvirt/qemu/domain-12-win11-siemens/.local/share \
XDG_CACHE_HOME=/var/lib/libvirt/qemu/domain-12-win11-siemens/.cache \
XDG_CONFIG_HOME=/var/lib/libvirt/qemu/domain-12-win11-siemens/.config \
/usr/bin/qemu-system-x86_64 \
-name guest=win11-siemens,debug-threads=on \
-S \
-object '{"qom-type":"secret","id":"masterKey0","format":"raw","file":"/var/lib/libvirt/qemu/domain-12-win11-siemens/master-key.aes"}' \
-blockdev '{"driver":"file","filename":"/usr/share/edk2/x64/OVMF_CODE.4m.fd","node-name":"libvirt-pflash0-storage","auto-read-only":true,"discard":"unmap"}' \
-blockdev '{"node-name":"libvirt-pflash0-format","read-only":true,"driver":"raw","file":"libvirt-pflash0-storage"}' \
-blockdev '{"driver":"file","filename":"/var/lib/libvirt/qemu/nvram/win11-siemens_VARS.fd","node-name":"libvirt-pflash1-storage","read-only":false}' \
-machine pc-q35-11.1,usb=off,vmport=off,smm=on,dump-guest-core=off,memory-backend=pc.ram,pflash0=libvirt-pflash0-format,pflash1=libvirt-pflash1-storage,hpet=off,acpi=on \
-accel kvm \
-cpu host,migratable=on,hv-time=on,hv-relaxed=on,hv-vapic=on,hv-spinlocks=0x1fff,hv-vpindex=on,hv-runtime=on,hv-synic=on,hv-stimer=on,hv-frequencies=on,hv-tlbflush=on,hv-ipi=on,hv-evmcs=on,hv-avic=on \
-m size=16777216k \
-object '{"qom-type":"memory-backend-ram","id":"pc.ram","size":17179869184}' \
-overcommit mem-lock=off \
-smp 8,sockets=1,dies=1,clusters=1,cores=8,threads=1 \
-uuid e39af3f0-0d5f-4932-8934-9fe33d19ce86 \
-no-user-config \
-nodefaults \
-chardev socket,id=charmonitor,fd=33,server=on,wait=off \
-object '{"qom-type":"monitor-qmp","id":"monitor","chardev":"charmonitor"}' \
-rtc base=localtime,driftfix=slew \
-global kvm-pit.lost_tick_policy=delay \
-no-shutdown \
-global ICH9-LPC.disable_s3=1 \
-global ICH9-LPC.disable_s4=1 \
-boot menu=off,strict=on \
-device '{"driver":"pcie-root-port","port":16,"chassis":1,"id":"pci.1","bus":"pcie.0","multifunction":true,"addr":"0x2"}' \
-device '{"driver":"pcie-root-port","port":17,"chassis":2,"id":"pci.2","bus":"pcie.0","addr":"0x2.0x1"}' \
-device '{"driver":"pcie-root-port","port":18,"chassis":3,"id":"pci.3","bus":"pcie.0","addr":"0x2.0x2"}' \
-device '{"driver":"pcie-root-port","port":19,"chassis":4,"id":"pci.4","bus":"pcie.0","addr":"0x2.0x3"}' \
-device '{"driver":"pcie-root-port","port":20,"chassis":5,"id":"pci.5","bus":"pcie.0","addr":"0x2.0x4"}' \
-device '{"driver":"pcie-root-port","port":21,"chassis":6,"id":"pci.6","bus":"pcie.0","addr":"0x2.0x5"}' \
-device '{"driver":"pcie-root-port","port":22,"chassis":7,"id":"pci.7","bus":"pcie.0","addr":"0x2.0x6"}' \
-device '{"driver":"pcie-root-port","port":23,"chassis":8,"id":"pci.8","bus":"pcie.0","addr":"0x2.0x7"}' \
-device '{"driver":"pcie-root-port","port":24,"chassis":9,"id":"pci.9","bus":"pcie.0","multifunction":true,"addr":"0x3"}' \
-device '{"driver":"pcie-root-port","port":25,"chassis":10,"id":"pci.10","bus":"pcie.0","addr":"0x3.0x1"}' \
-device '{"driver":"pcie-root-port","port":26,"chassis":11,"id":"pci.11","bus":"pcie.0","addr":"0x3.0x2"}' \
-device '{"driver":"pcie-root-port","port":27,"chassis":12,"id":"pci.12","bus":"pcie.0","addr":"0x3.0x3"}' \
-device '{"driver":"pcie-root-port","port":28,"chassis":13,"id":"pci.13","bus":"pcie.0","addr":"0x3.0x4"}' \
-device '{"driver":"pcie-root-port","port":29,"chassis":14,"id":"pci.14","bus":"pcie.0","addr":"0x3.0x5"}' \
-device '{"driver":"qemu-xhci","p2":15,"p3":15,"id":"usb","bus":"pci.3","addr":"0x0"}' \
-device '{"driver":"virtio-scsi-pci","id":"scsi0","bus":"pci.2","addr":"0x0"}' \
-device '{"driver":"virtio-serial-pci","id":"virtio-serial0","bus":"pci.4","addr":"0x0"}' \
-blockdev '{"driver":"host_device","filename":"/dev/zvol/zpcachyos/vms/win11","aio":"io_uring","node-name":"libvirt-4-storage","read-only":false,"discard":"unmap","detect-zeroes":"unmap","cache":{"direct":true,"no-flush":false}}' \
-device '{"driver":"scsi-hd","bus":"scsi0.0","channel":0,"scsi-id":0,"lun":0,"device_id":"WIN11-E39AF3F00D5F493289349FE33D19CE","drive":"libvirt-4-storage","id":"scsi0-0-0-0","bootindex":2,"write-cache":"on","serial":"WIN11-E39AF3F00D5F493289349FE33D19CE"}' \
-blockdev '{"driver":"file","filename":"/var/lib/libvirt/boot/Windows11-25H2-Official-Multi-DE.iso","node-name":"libvirt-3-storage","read-only":true}' \
-device '{"driver":"ide-cd","bus":"ide.1","drive":"libvirt-3-storage","id":"sata0-0-1","bootindex":1}' \
-blockdev '{"driver":"file","filename":"/var/lib/libvirt/boot/virtio-win.iso","node-name":"libvirt-2-storage","read-only":true}' \
-device '{"driver":"ide-cd","bus":"ide.2","drive":"libvirt-2-storage","id":"sata0-0-2"}' \
-blockdev '{"driver":"file","filename":"/var/lib/libvirt/boot/win11-siemens-support.iso","node-name":"libvirt-1-storage","read-only":true}' \
-device '{"driver":"ide-cd","bus":"ide.3","drive":"libvirt-1-storage","id":"sata0-0-3"}' \
-netdev '{"type":"tap","fd":"34","vhost":true,"vhostfd":"36","id":"hostnet0"}' \
-device '{"driver":"virtio-net-pci","netdev":"hostnet0","id":"net0","mac":"52:54:00:df:a5:d1","bus":"pci.1","addr":"0x0"}' \
-chardev pty,id=charserial0 \
-device '{"driver":"isa-serial","chardev":"charserial0","id":"serial0","index":0}' \
-chardev spicevmc,id=charchannel0,name=vdagent \
-device '{"driver":"virtserialport","bus":"virtio-serial0.0","nr":1,"chardev":"charchannel0","id":"channel0","name":"com.redhat.spice.0"}' \
-chardev socket,id=chrtpm,path=/run/libvirt/qemu/swtpm/12-win11-siemens-swtpm.sock \
-tpmdev emulator,id=tpm-tpm0,chardev=chrtpm \
-device '{"driver":"tpm-crb","tpmdev":"tpm-tpm0","id":"tpm0"}' \
-device '{"driver":"usb-tablet","id":"input0","bus":"usb.0","port":"1"}' \
-audiodev '{"id":"audio1","driver":"spice"}' \
-spice port=5900,addr=127.0.0.1,disable-ticketing=on,image-compression=off,streaming-video=off,seamless-migration=on \
-device '{"driver":"VGA","id":"video0","vgamem_mb":16,"bus":"pcie.0","addr":"0x1"}' \
-device '{"driver":"ich9-intel-hda","id":"sound0","bus":"pcie.0","addr":"0x1b"}' \
-device '{"driver":"hda-duplex","id":"sound0-codec0","bus":"sound0.0","cad":0,"audiodev":"audio1"}' \
-global ICH9-LPC.noreboot=off \
-watchdog-action reset \
-chardev spicevmc,id=charredir0,name=usbredir \
-device '{"driver":"usb-redir","chardev":"charredir0","id":"redir0","bus":"usb.0","port":"2"}' \
-chardev spicevmc,id=charredir1,name=usbredir \
-device '{"driver":"usb-redir","chardev":"charredir1","id":"redir1","bus":"usb.0","port":"3"}' \
-device '{"driver":"virtio-balloon-pci","id":"balloon0","bus":"pci.5","addr":"0x0"}' \
-sandbox on,obsolete=deny,elevateprivileges=deny,spawn=deny,resourcecontrol=deny \
-msg timestamp=on
char device redirected to /dev/pts/4 (label charserial0)
2026-09-27T09:41:43.204588Z qemu-system-x86_64: terminating on signal 15 from pid 103655 (/usr/bin/libvirtd)
2026-09-27 09:41:43.404+0000: shutting down, reason=destroyed
2026-09-27 09:41:45.212+0000: Starting external device: TPM Emulator
/usr/bin/swtpm socket --ctrl type=unixio,path=/run/libvirt/qemu/swtpm/13-win11-siemens-swtpm.sock,mode=0600 --tpmstate dir=/var/lib/libvirt/swtpm/e39af3f0-0d5f-4932-8934-9fe33d19ce86/tpm2,mode=0600,lock --log file=/var/log/swtpm/libvirt/qemu/win11-siemens-swtpm.log --terminate --tpm2
2026-09-27 09:41:45.229+0000: starting up libvirt version: 12.7.0, qemu version: 11.1.1, kernel: 7.2.8-1-cachyos, hostname: cachyos-x8664
LC_ALL=C \
PATH=/usr/local/sbin:/usr/local/bin:/usr/bin \
USER=root \
HOME=/var/lib/libvirt/qemu/domain-13-win11-siemens \
XDG_DATA_HOME=/var/lib/libvirt/qemu/domain-13-win11-siemens/.local/share \
XDG_CACHE_HOME=/var/lib/libvirt/qemu/domain-13-win11-siemens/.cache \
XDG_CONFIG_HOME=/var/lib/libvirt/qemu/domain-13-win11-siemens/.config \
/usr/bin/qemu-system-x86_64 \
-name guest=win11-siemens,debug-threads=on \
-S \
-object '{"qom-type":"secret","id":"masterKey0","format":"raw","file":"/var/lib/libvirt/qemu/domain-13-win11-siemens/master-key.aes"}' \
-blockdev '{"driver":"file","filename":"/usr/share/edk2/x64/OVMF_CODE.secboot.4m.fd","node-name":"libvirt-pflash0-storage","auto-read-only":true,"discard":"unmap"}' \
-blockdev '{"node-name":"libvirt-pflash0-format","read-only":true,"driver":"raw","file":"libvirt-pflash0-storage"}' \
-blockdev '{"driver":"file","filename":"/var/lib/libvirt/qemu/nvram/win11-siemens_VARS.fd","node-name":"libvirt-pflash1-storage","read-only":false}' \
-machine pc-q35-11.1,usb=off,vmport=off,smm=on,dump-guest-core=off,memory-backend=pc.ram,pflash0=libvirt-pflash0-format,pflash1=libvirt-pflash1-storage,hpet=off,acpi=on \
-accel kvm \
-cpu host,migratable=on,hv-time=on,hv-relaxed=on,hv-vapic=on,hv-spinlocks=0x1fff,hv-vpindex=on,hv-runtime=on,hv-synic=on,hv-stimer=on,hv-frequencies=on,hv-tlbflush=on,hv-ipi=on,hv-evmcs=on,hv-avic=on \
-global driver=cfi.pflash01,property=secure,value=on \
-m size=16777216k \
-object '{"qom-type":"memory-backend-ram","id":"pc.ram","size":17179869184}' \
-overcommit mem-lock=off \
-smp 8,sockets=1,dies=1,clusters=1,cores=8,threads=1 \
-uuid e39af3f0-0d5f-4932-8934-9fe33d19ce86 \
-no-user-config \
-nodefaults \
-chardev socket,id=charmonitor,fd=33,server=on,wait=off \
-object '{"qom-type":"monitor-qmp","id":"monitor","chardev":"charmonitor"}' \
-rtc base=localtime,driftfix=slew \
-global kvm-pit.lost_tick_policy=delay \
-no-shutdown \
-global ICH9-LPC.disable_s3=1 \
-global ICH9-LPC.disable_s4=1 \
-boot menu=off,strict=on \
-device '{"driver":"pcie-root-port","port":16,"chassis":1,"id":"pci.1","bus":"pcie.0","multifunction":true,"addr":"0x2"}' \
-device '{"driver":"pcie-root-port","port":17,"chassis":2,"id":"pci.2","bus":"pcie.0","addr":"0x2.0x1"}' \
-device '{"driver":"pcie-root-port","port":18,"chassis":3,"id":"pci.3","bus":"pcie.0","addr":"0x2.0x2"}' \
-device '{"driver":"pcie-root-port","port":19,"chassis":4,"id":"pci.4","bus":"pcie.0","addr":"0x2.0x3"}' \
-device '{"driver":"pcie-root-port","port":20,"chassis":5,"id":"pci.5","bus":"pcie.0","addr":"0x2.0x4"}' \
-device '{"driver":"pcie-root-port","port":21,"chassis":6,"id":"pci.6","bus":"pcie.0","addr":"0x2.0x5"}' \
-device '{"driver":"pcie-root-port","port":22,"chassis":7,"id":"pci.7","bus":"pcie.0","addr":"0x2.0x6"}' \
-device '{"driver":"pcie-root-port","port":23,"chassis":8,"id":"pci.8","bus":"pcie.0","addr":"0x2.0x7"}' \
-device '{"driver":"pcie-root-port","port":24,"chassis":9,"id":"pci.9","bus":"pcie.0","multifunction":true,"addr":"0x3"}' \
-device '{"driver":"pcie-root-port","port":25,"chassis":10,"id":"pci.10","bus":"pcie.0","addr":"0x3.0x1"}' \
-device '{"driver":"pcie-root-port","port":26,"chassis":11,"id":"pci.11","bus":"pcie.0","addr":"0x3.0x2"}' \
-device '{"driver":"pcie-root-port","port":27,"chassis":12,"id":"pci.12","bus":"pcie.0","addr":"0x3.0x3"}' \
-device '{"driver":"pcie-root-port","port":28,"chassis":13,"id":"pci.13","bus":"pcie.0","addr":"0x3.0x4"}' \
-device '{"driver":"pcie-root-port","port":29,"chassis":14,"id":"pci.14","bus":"pcie.0","addr":"0x3.0x5"}' \
-device '{"driver":"qemu-xhci","p2":15,"p3":15,"id":"usb","bus":"pci.3","addr":"0x0"}' \
-device '{"driver":"virtio-scsi-pci","id":"scsi0","bus":"pci.2","addr":"0x0"}' \
-device '{"driver":"virtio-serial-pci","id":"virtio-serial0","bus":"pci.4","addr":"0x0"}' \
-blockdev '{"driver":"host_device","filename":"/dev/zvol/zpcachyos/vms/win11","aio":"io_uring","node-name":"libvirt-4-storage","read-only":false,"discard":"unmap","detect-zeroes":"unmap","cache":{"direct":true,"no-flush":false}}' \
-device '{"driver":"scsi-hd","bus":"scsi0.0","channel":0,"scsi-id":0,"lun":0,"device_id":"WIN11-E39AF3F00D5F493289349FE33D19CE","drive":"libvirt-4-storage","id":"scsi0-0-0-0","bootindex":2,"write-cache":"on","serial":"WIN11-E39AF3F00D5F493289349FE33D19CE"}' \
-blockdev '{"driver":"file","filename":"/var/lib/libvirt/boot/Windows11-25H2-Official-Multi-DE.iso","node-name":"libvirt-3-storage","read-only":true}' \
-device '{"driver":"ide-cd","bus":"ide.1","drive":"libvirt-3-storage","id":"sata0-0-1","bootindex":1}' \
-blockdev '{"driver":"file","filename":"/var/lib/libvirt/boot/virtio-win.iso","node-name":"libvirt-2-storage","read-only":true}' \
-device '{"driver":"ide-cd","bus":"ide.2","drive":"libvirt-2-storage","id":"sata0-0-2"}' \
-blockdev '{"driver":"file","filename":"/var/lib/libvirt/boot/win11-siemens-support.iso","node-name":"libvirt-1-storage","read-only":true}' \
-device '{"driver":"ide-cd","bus":"ide.3","drive":"libvirt-1-storage","id":"sata0-0-3"}' \
-netdev '{"type":"tap","fd":"34","vhost":true,"vhostfd":"36","id":"hostnet0"}' \
-device '{"driver":"virtio-net-pci","netdev":"hostnet0","id":"net0","mac":"52:54:00:df:a5:d1","bus":"pci.1","addr":"0x0"}' \
-chardev pty,id=charserial0 \
-device '{"driver":"isa-serial","chardev":"charserial0","id":"serial0","index":0}' \
-chardev spicevmc,id=charchannel0,name=vdagent \
-device '{"driver":"virtserialport","bus":"virtio-serial0.0","nr":1,"chardev":"charchannel0","id":"channel0","name":"com.redhat.spice.0"}' \
-chardev socket,id=chrtpm,path=/run/libvirt/qemu/swtpm/13-win11-siemens-swtpm.sock \
-tpmdev emulator,id=tpm-tpm0,chardev=chrtpm \
-device '{"driver":"tpm-crb","tpmdev":"tpm-tpm0","id":"tpm0"}' \
-device '{"driver":"usb-tablet","id":"input0","bus":"usb.0","port":"1"}' \
-audiodev '{"id":"audio1","driver":"spice"}' \
-spice port=5900,addr=127.0.0.1,disable-ticketing=on,image-compression=off,streaming-video=off,seamless-migration=on \
-device '{"driver":"VGA","id":"video0","vgamem_mb":16,"bus":"pcie.0","addr":"0x1"}' \
-device '{"driver":"ich9-intel-hda","id":"sound0","bus":"pcie.0","addr":"0x1b"}' \
-device '{"driver":"hda-duplex","id":"sound0-codec0","bus":"sound0.0","cad":0,"audiodev":"audio1"}' \
-global ICH9-LPC.noreboot=off \
-watchdog-action reset \
-chardev spicevmc,id=charredir0,name=usbredir \
-device '{"driver":"usb-redir","chardev":"charredir0","id":"redir0","bus":"usb.0","port":"2"}' \
-chardev spicevmc,id=charredir1,name=usbredir \
-device '{"driver":"usb-redir","chardev":"charredir1","id":"redir1","bus":"usb.0","port":"3"}' \
-device '{"driver":"virtio-balloon-pci","id":"balloon0","bus":"pci.5","addr":"0x0"}' \
-sandbox on,obsolete=deny,elevateprivileges=deny,spawn=deny,resourcecontrol=deny \
-msg timestamp=on
char device redirected to /dev/pts/4 (label charserial0)
2026-09-27T10:15:09.114865Z qemu-system-x86_64: terminating on signal 15 from pid 103655 (/usr/bin/libvirtd)
2026-09-27 10:15:09.315+0000: shutting down, reason=destroyed
2026-09-27 10:15:09.450+0000: Starting external device: TPM Emulator
/usr/bin/swtpm socket --ctrl type=unixio,path=/run/libvirt/qemu/swtpm/14-win11-siemens-swtpm.sock,mode=0600 --tpmstate dir=/var/lib/libvirt/swtpm/e39af3f0-0d5f-4932-8934-9fe33d19ce86/tpm2,mode=0600,lock --log file=/var/log/swtpm/libvirt/qemu/win11-siemens-swtpm.log --terminate --tpm2
2026-09-27 10:15:09.464+0000: starting up libvirt version: 12.7.0, qemu version: 11.1.1, kernel: 7.2.8-1-cachyos, hostname: cachyos-x8664
LC_ALL=C \
PATH=/usr/local/sbin:/usr/local/bin:/usr/bin \
USER=root \
HOME=/var/lib/libvirt/qemu/domain-14-win11-siemens \
XDG_DATA_HOME=/var/lib/libvirt/qemu/domain-14-win11-siemens/.local/share \
XDG_CACHE_HOME=/var/lib/libvirt/qemu/domain-14-win11-siemens/.cache \
XDG_CONFIG_HOME=/var/lib/libvirt/qemu/domain-14-win11-siemens/.config \
/usr/bin/qemu-system-x86_64 \
-name guest=win11-siemens,debug-threads=on \
-S \
-object '{"qom-type":"secret","id":"masterKey0","format":"raw","file":"/var/lib/libvirt/qemu/domain-14-win11-siemens/master-key.aes"}' \
-blockdev '{"driver":"file","filename":"/usr/share/edk2/x64/OVMF_CODE.secboot.4m.fd","node-name":"libvirt-pflash0-storage","auto-read-only":true,"discard":"unmap"}' \
-blockdev '{"node-name":"libvirt-pflash0-format","read-only":true,"driver":"raw","file":"libvirt-pflash0-storage"}' \
-blockdev '{"driver":"file","filename":"/var/lib/libvirt/qemu/nvram/win11-siemens_VARS.fd","node-name":"libvirt-pflash1-storage","read-only":false}' \
-machine pc-q35-11.1,usb=off,vmport=off,smm=on,dump-guest-core=off,memory-backend=pc.ram,pflash0=libvirt-pflash0-format,pflash1=libvirt-pflash1-storage,hpet=off,acpi=on \
-accel kvm \
-cpu host,migratable=on,hv-time=on,hv-relaxed=on,hv-vapic=on,hv-spinlocks=0x1fff,hv-vpindex=on,hv-runtime=on,hv-synic=on,hv-stimer=on,hv-frequencies=on,hv-tlbflush=on,hv-ipi=on,hv-evmcs=on,hv-avic=on \
-global driver=cfi.pflash01,property=secure,value=on \
-m size=16777216k \
-object '{"qom-type":"memory-backend-ram","id":"pc.ram","size":17179869184}' \
-overcommit mem-lock=off \
-smp 8,sockets=1,dies=1,clusters=1,cores=8,threads=1 \
-uuid e39af3f0-0d5f-4932-8934-9fe33d19ce86 \
-no-user-config \
-nodefaults \
-chardev socket,id=charmonitor,fd=33,server=on,wait=off \
-object '{"qom-type":"monitor-qmp","id":"monitor","chardev":"charmonitor"}' \
-rtc base=localtime,driftfix=slew \
-global kvm-pit.lost_tick_policy=delay \
-no-shutdown \
-global ICH9-LPC.disable_s3=1 \
-global ICH9-LPC.disable_s4=1 \
-boot menu=off,strict=on \
-device '{"driver":"pcie-root-port","port":16,"chassis":1,"id":"pci.1","bus":"pcie.0","multifunction":true,"addr":"0x2"}' \
-device '{"driver":"pcie-root-port","port":17,"chassis":2,"id":"pci.2","bus":"pcie.0","addr":"0x2.0x1"}' \
-device '{"driver":"pcie-root-port","port":18,"chassis":3,"id":"pci.3","bus":"pcie.0","addr":"0x2.0x2"}' \
-device '{"driver":"pcie-root-port","port":19,"chassis":4,"id":"pci.4","bus":"pcie.0","addr":"0x2.0x3"}' \
-device '{"driver":"pcie-root-port","port":20,"chassis":5,"id":"pci.5","bus":"pcie.0","addr":"0x2.0x4"}' \
-device '{"driver":"pcie-root-port","port":21,"chassis":6,"id":"pci.6","bus":"pcie.0","addr":"0x2.0x5"}' \
-device '{"driver":"pcie-root-port","port":22,"chassis":7,"id":"pci.7","bus":"pcie.0","addr":"0x2.0x6"}' \
-device '{"driver":"pcie-root-port","port":23,"chassis":8,"id":"pci.8","bus":"pcie.0","addr":"0x2.0x7"}' \
-device '{"driver":"pcie-root-port","port":24,"chassis":9,"id":"pci.9","bus":"pcie.0","multifunction":true,"addr":"0x3"}' \
-device '{"driver":"pcie-root-port","port":25,"chassis":10,"id":"pci.10","bus":"pcie.0","addr":"0x3.0x1"}' \
-device '{"driver":"pcie-root-port","port":26,"chassis":11,"id":"pci.11","bus":"pcie.0","addr":"0x3.0x2"}' \
-device '{"driver":"pcie-root-port","port":27,"chassis":12,"id":"pci.12","bus":"pcie.0","addr":"0x3.0x3"}' \
-device '{"driver":"pcie-root-port","port":28,"chassis":13,"id":"pci.13","bus":"pcie.0","addr":"0x3.0x4"}' \
-device '{"driver":"pcie-root-port","port":29,"chassis":14,"id":"pci.14","bus":"pcie.0","addr":"0x3.0x5"}' \
-device '{"driver":"qemu-xhci","p2":15,"p3":15,"id":"usb","bus":"pci.3","addr":"0x0"}' \
-device '{"driver":"virtio-scsi-pci","id":"scsi0","bus":"pci.2","addr":"0x0"}' \
-device '{"driver":"virtio-serial-pci","id":"virtio-serial0","bus":"pci.4","addr":"0x0"}' \
-blockdev '{"driver":"host_device","filename":"/dev/zvol/zpcachyos/vms/win11","aio":"io_uring","node-name":"libvirt-4-storage","read-only":false,"discard":"unmap","detect-zeroes":"unmap","cache":{"direct":true,"no-flush":false}}' \
-device '{"driver":"scsi-hd","bus":"scsi0.0","channel":0,"scsi-id":0,"lun":0,"device_id":"WIN11-E39AF3F00D5F493289349FE33D19CE","drive":"libvirt-4-storage","id":"scsi0-0-0-0","write-cache":"on","serial":"WIN11-E39AF3F00D5F493289349FE33D19CE"}' \
-blockdev '{"driver":"file","filename":"/var/lib/libvirt/boot/Windows11-25H2-Official-Multi-DE.iso","node-name":"libvirt-3-storage","read-only":true}' \
-device '{"driver":"ide-cd","bus":"ide.1","drive":"libvirt-3-storage","id":"sata0-0-1","bootindex":1}' \
-blockdev '{"driver":"file","filename":"/var/lib/libvirt/boot/virtio-win.iso","node-name":"libvirt-2-storage","read-only":true}' \
-device '{"driver":"ide-cd","bus":"ide.2","drive":"libvirt-2-storage","id":"sata0-0-2"}' \
-blockdev '{"driver":"file","filename":"/var/lib/libvirt/boot/win11-siemens-support.iso","node-name":"libvirt-1-storage","read-only":true}' \
-device '{"driver":"ide-cd","bus":"ide.3","drive":"libvirt-1-storage","id":"sata0-0-3"}' \
-netdev '{"type":"tap","fd":"34","vhost":true,"vhostfd":"36","id":"hostnet0"}' \
-device '{"driver":"virtio-net-pci","netdev":"hostnet0","id":"net0","mac":"52:54:00:df:a5:d1","bus":"pci.1","addr":"0x0"}' \
-chardev pty,id=charserial0 \
-device '{"driver":"isa-serial","chardev":"charserial0","id":"serial0","index":0}' \
-chardev spicevmc,id=charchannel0,name=vdagent \
-device '{"driver":"virtserialport","bus":"virtio-serial0.0","nr":1,"chardev":"charchannel0","id":"channel0","name":"com.redhat.spice.0"}' \
-chardev socket,id=chrtpm,path=/run/libvirt/qemu/swtpm/14-win11-siemens-swtpm.sock \
-tpmdev emulator,id=tpm-tpm0,chardev=chrtpm \
-device '{"driver":"tpm-crb","tpmdev":"tpm-tpm0","id":"tpm0"}' \
-device '{"driver":"usb-tablet","id":"input0","bus":"usb.0","port":"1"}' \
-audiodev '{"id":"audio1","driver":"spice"}' \
-spice port=5900,addr=127.0.0.1,disable-ticketing=on,image-compression=off,streaming-video=off,seamless-migration=on \
-device '{"driver":"VGA","id":"video0","vgamem_mb":16,"bus":"pcie.0","addr":"0x1"}' \
-device '{"driver":"ich9-intel-hda","id":"sound0","bus":"pcie.0","addr":"0x1b"}' \
-device '{"driver":"hda-duplex","id":"sound0-codec0","bus":"sound0.0","cad":0,"audiodev":"audio1"}' \
-global ICH9-LPC.noreboot=off \
-watchdog-action reset \
-chardev spicevmc,id=charredir0,name=usbredir \
-device '{"driver":"usb-redir","chardev":"charredir0","id":"redir0","bus":"usb.0","port":"2"}' \
-chardev spicevmc,id=charredir1,name=usbredir \
-device '{"driver":"usb-redir","chardev":"charredir1","id":"redir1","bus":"usb.0","port":"3"}' \
-device '{"driver":"virtio-balloon-pci","id":"balloon0","bus":"pci.5","addr":"0x0"}' \
-sandbox on,obsolete=deny,elevateprivileges=deny,spawn=deny,resourcecontrol=deny \
-msg timestamp=on
char device redirected to /dev/pts/4 (label charserial0)
2026-09-27T10:24:06.757747Z qemu-system-x86_64: terminating on signal 15 from pid 103655 (/usr/bin/libvirtd)
2026-09-27 10:24:07.358+0000: shutting down, reason=destroyed
2026-09-27 10:24:08.802+0000: Starting external device: TPM Emulator
/usr/bin/swtpm socket --ctrl type=unixio,path=/run/libvirt/qemu/swtpm/15-win11-siemens-swtpm.sock,mode=0600 --tpmstate dir=/var/lib/libvirt/swtpm/e39af3f0-0d5f-4932-8934-9fe33d19ce86/tpm2,mode=0600,lock --log file=/var/log/swtpm/libvirt/qemu/win11-siemens-swtpm.log --terminate --tpm2
2026-09-27 10:24:08.818+0000: starting up libvirt version: 12.7.0, qemu version: 11.1.1, kernel: 7.2.8-1-cachyos, hostname: cachyos-x8664
LC_ALL=C \
PATH=/usr/local/sbin:/usr/local/bin:/usr/bin \
USER=root \
HOME=/var/lib/libvirt/qemu/domain-15-win11-siemens \
XDG_DATA_HOME=/var/lib/libvirt/qemu/domain-15-win11-siemens/.local/share \
XDG_CACHE_HOME=/var/lib/libvirt/qemu/domain-15-win11-siemens/.cache \
XDG_CONFIG_HOME=/var/lib/libvirt/qemu/domain-15-win11-siemens/.config \
/usr/bin/qemu-system-x86_64 \
-name guest=win11-siemens,debug-threads=on \
-S \
-object '{"qom-type":"secret","id":"masterKey0","format":"raw","file":"/var/lib/libvirt/qemu/domain-15-win11-siemens/master-key.aes"}' \
-blockdev '{"driver":"file","filename":"/usr/share/edk2/x64/OVMF_CODE.secboot.4m.fd","node-name":"libvirt-pflash0-storage","auto-read-only":true,"discard":"unmap"}' \
-blockdev '{"node-name":"libvirt-pflash0-format","read-only":true,"driver":"raw","file":"libvirt-pflash0-storage"}' \
-blockdev '{"driver":"file","filename":"/var/lib/libvirt/qemu/nvram/win11-siemens_VARS.fd","node-name":"libvirt-pflash1-storage","read-only":false}' \
-machine pc-q35-11.1,usb=off,vmport=off,smm=on,dump-guest-core=off,memory-backend=pc.ram,pflash0=libvirt-pflash0-format,pflash1=libvirt-pflash1-storage,hpet=off,acpi=on \
-accel kvm \
-cpu host,migratable=on,hv-time=on,hv-relaxed=on,hv-vapic=on,hv-spinlocks=0x1fff,hv-vpindex=on,hv-runtime=on,hv-synic=on,hv-stimer=on,hv-frequencies=on,hv-tlbflush=on,hv-ipi=on,hv-evmcs=on,hv-avic=on \
-global driver=cfi.pflash01,property=secure,value=on \
-m size=16777216k \
-object '{"qom-type":"memory-backend-ram","id":"pc.ram","size":17179869184}' \
-overcommit mem-lock=off \
-smp 8,sockets=1,dies=1,clusters=1,cores=8,threads=1 \
-uuid e39af3f0-0d5f-4932-8934-9fe33d19ce86 \
-no-user-config \
-nodefaults \
-chardev socket,id=charmonitor,fd=33,server=on,wait=off \
-object '{"qom-type":"monitor-qmp","id":"monitor","chardev":"charmonitor"}' \
-rtc base=localtime,driftfix=slew \
-global kvm-pit.lost_tick_policy=delay \
-no-shutdown \
-global ICH9-LPC.disable_s3=1 \
-global ICH9-LPC.disable_s4=1 \
-boot menu=off,strict=on \
-device '{"driver":"pcie-root-port","port":16,"chassis":1,"id":"pci.1","bus":"pcie.0","multifunction":true,"addr":"0x2"}' \
-device '{"driver":"pcie-root-port","port":17,"chassis":2,"id":"pci.2","bus":"pcie.0","addr":"0x2.0x1"}' \
-device '{"driver":"pcie-root-port","port":18,"chassis":3,"id":"pci.3","bus":"pcie.0","addr":"0x2.0x2"}' \
-device '{"driver":"pcie-root-port","port":19,"chassis":4,"id":"pci.4","bus":"pcie.0","addr":"0x2.0x3"}' \
-device '{"driver":"pcie-root-port","port":20,"chassis":5,"id":"pci.5","bus":"pcie.0","addr":"0x2.0x4"}' \
-device '{"driver":"pcie-root-port","port":21,"chassis":6,"id":"pci.6","bus":"pcie.0","addr":"0x2.0x5"}' \
-device '{"driver":"pcie-root-port","port":22,"chassis":7,"id":"pci.7","bus":"pcie.0","addr":"0x2.0x6"}' \
-device '{"driver":"pcie-root-port","port":23,"chassis":8,"id":"pci.8","bus":"pcie.0","addr":"0x2.0x7"}' \
-device '{"driver":"pcie-root-port","port":24,"chassis":9,"id":"pci.9","bus":"pcie.0","multifunction":true,"addr":"0x3"}' \
-device '{"driver":"pcie-root-port","port":25,"chassis":10,"id":"pci.10","bus":"pcie.0","addr":"0x3.0x1"}' \
-device '{"driver":"pcie-root-port","port":26,"chassis":11,"id":"pci.11","bus":"pcie.0","addr":"0x3.0x2"}' \
-device '{"driver":"pcie-root-port","port":27,"chassis":12,"id":"pci.12","bus":"pcie.0","addr":"0x3.0x3"}' \
-device '{"driver":"pcie-root-port","port":28,"chassis":13,"id":"pci.13","bus":"pcie.0","addr":"0x3.0x4"}' \
-device '{"driver":"pcie-root-port","port":29,"chassis":14,"id":"pci.14","bus":"pcie.0","addr":"0x3.0x5"}' \
-device '{"driver":"qemu-xhci","p2":15,"p3":15,"id":"usb","bus":"pci.3","addr":"0x0"}' \
-device '{"driver":"virtio-scsi-pci","id":"scsi0","bus":"pci.2","addr":"0x0"}' \
-device '{"driver":"virtio-serial-pci","id":"virtio-serial0","bus":"pci.4","addr":"0x0"}' \
-blockdev '{"driver":"host_device","filename":"/dev/zvol/zpcachyos/vms/win11","aio":"io_uring","node-name":"libvirt-4-storage","read-only":false,"discard":"unmap","detect-zeroes":"unmap","cache":{"direct":true,"no-flush":false}}' \
-device '{"driver":"scsi-hd","bus":"scsi0.0","channel":0,"scsi-id":0,"lun":0,"device_id":"WIN11-E39AF3F00D5F493289349FE33D19CE","drive":"libvirt-4-storage","id":"scsi0-0-0-0","bootindex":2,"write-cache":"on","serial":"WIN11-E39AF3F00D5F493289349FE33D19CE"}' \
-blockdev '{"driver":"file","filename":"/var/lib/libvirt/boot/Windows11-25H2-Official-Multi-DE.iso","node-name":"libvirt-3-storage","read-only":true}' \
-device '{"driver":"ide-cd","bus":"ide.1","drive":"libvirt-3-storage","id":"sata0-0-1","bootindex":1}' \
-blockdev '{"driver":"file","filename":"/var/lib/libvirt/boot/virtio-win.iso","node-name":"libvirt-2-storage","read-only":true}' \
-device '{"driver":"ide-cd","bus":"ide.2","drive":"libvirt-2-storage","id":"sata0-0-2"}' \
-blockdev '{"driver":"file","filename":"/var/lib/libvirt/boot/win11-siemens-support.iso","node-name":"libvirt-1-storage","read-only":true}' \
-device '{"driver":"ide-cd","bus":"ide.3","drive":"libvirt-1-storage","id":"sata0-0-3"}' \
-netdev '{"type":"tap","fd":"34","vhost":true,"vhostfd":"36","id":"hostnet0"}' \
-device '{"driver":"virtio-net-pci","netdev":"hostnet0","id":"net0","mac":"52:54:00:df:a5:d1","bus":"pci.1","addr":"0x0"}' \
-chardev pty,id=charserial0 \
-device '{"driver":"isa-serial","chardev":"charserial0","id":"serial0","index":0}' \
-chardev spicevmc,id=charchannel0,name=vdagent \
-device '{"driver":"virtserialport","bus":"virtio-serial0.0","nr":1,"chardev":"charchannel0","id":"channel0","name":"com.redhat.spice.0"}' \
-chardev socket,id=chrtpm,path=/run/libvirt/qemu/swtpm/15-win11-siemens-swtpm.sock \
-tpmdev emulator,id=tpm-tpm0,chardev=chrtpm \
-device '{"driver":"tpm-crb","tpmdev":"tpm-tpm0","id":"tpm0"}' \
-device '{"driver":"usb-tablet","id":"input0","bus":"usb.0","port":"1"}' \
-audiodev '{"id":"audio1","driver":"spice"}' \
-spice port=5900,addr=127.0.0.1,disable-ticketing=on,image-compression=off,streaming-video=off,seamless-migration=on \
-device '{"driver":"VGA","id":"video0","vgamem_mb":16,"bus":"pcie.0","addr":"0x1"}' \
-device '{"driver":"ich9-intel-hda","id":"sound0","bus":"pcie.0","addr":"0x1b"}' \
-device '{"driver":"hda-duplex","id":"sound0-codec0","bus":"sound0.0","cad":0,"audiodev":"audio1"}' \
-global ICH9-LPC.noreboot=off \
-watchdog-action reset \
-chardev spicevmc,id=charredir0,name=usbredir \
-device '{"driver":"usb-redir","chardev":"charredir0","id":"redir0","bus":"usb.0","port":"2"}' \
-chardev spicevmc,id=charredir1,name=usbredir \
-device '{"driver":"usb-redir","chardev":"charredir1","id":"redir1","bus":"usb.0","port":"3"}' \
-device '{"driver":"virtio-balloon-pci","id":"balloon0","bus":"pci.5","addr":"0x0"}' \
-sandbox on,obsolete=deny,elevateprivileges=deny,spawn=deny,resourcecontrol=deny \
-msg timestamp=on
char device redirected to /dev/pts/0 (label charserial0)
2026-09-27T10:25:55.186110Z qemu-system-x86_64: terminating on signal 15 from pid 103655 (/usr/bin/libvirtd)
2026-09-27 10:25:55.386+0000: shutting down, reason=destroyed
2026-09-27 10:25:58.730+0000: Starting external device: TPM Emulator
/usr/bin/swtpm socket --ctrl type=unixio,path=/run/libvirt/qemu/swtpm/16-win11-siemens-swtpm.sock,mode=0600 --tpmstate dir=/var/lib/libvirt/swtpm/e39af3f0-0d5f-4932-8934-9fe33d19ce86/tpm2,mode=0600,lock --log file=/var/log/swtpm/libvirt/qemu/win11-siemens-swtpm.log --terminate --tpm2
2026-09-27 10:25:58.749+0000: starting up libvirt version: 12.7.0, qemu version: 11.1.1, kernel: 7.2.8-1-cachyos, hostname: cachyos-x8664
LC_ALL=C \
PATH=/usr/local/sbin:/usr/local/bin:/usr/bin \
USER=root \
HOME=/var/lib/libvirt/qemu/domain-16-win11-siemens \
XDG_DATA_HOME=/var/lib/libvirt/qemu/domain-16-win11-siemens/.local/share \
XDG_CACHE_HOME=/var/lib/libvirt/qemu/domain-16-win11-siemens/.cache \
XDG_CONFIG_HOME=/var/lib/libvirt/qemu/domain-16-win11-siemens/.config \
/usr/bin/qemu-system-x86_64 \
-name guest=win11-siemens,debug-threads=on \
-S \
-object '{"qom-type":"secret","id":"masterKey0","format":"raw","file":"/var/lib/libvirt/qemu/domain-16-win11-siemens/master-key.aes"}' \
-blockdev '{"driver":"file","filename":"/usr/share/edk2/x64/OVMF_CODE.secboot.4m.fd","node-name":"libvirt-pflash0-storage","auto-read-only":true,"discard":"unmap"}' \
-blockdev '{"node-name":"libvirt-pflash0-format","read-only":true,"driver":"raw","file":"libvirt-pflash0-storage"}' \
-blockdev '{"driver":"file","filename":"/var/lib/libvirt/qemu/nvram/win11-siemens_VARS.fd","node-name":"libvirt-pflash1-storage","read-only":false}' \
-machine pc-q35-11.1,usb=off,vmport=off,smm=on,dump-guest-core=off,memory-backend=pc.ram,pflash0=libvirt-pflash0-format,pflash1=libvirt-pflash1-storage,hpet=off,acpi=on \
-accel kvm \
-cpu host,migratable=on,hv-time=on,hv-relaxed=on,hv-vapic=on,hv-spinlocks=0x1fff,hv-vpindex=on,hv-runtime=on,hv-synic=on,hv-stimer=on,hv-frequencies=on,hv-tlbflush=on,hv-ipi=on,hv-evmcs=on,hv-avic=on \
-global driver=cfi.pflash01,property=secure,value=on \
-m size=16777216k \
-object '{"qom-type":"memory-backend-ram","id":"pc.ram","size":17179869184}' \
-overcommit mem-lock=off \
-smp 8,sockets=1,dies=1,clusters=1,cores=8,threads=1 \
-uuid e39af3f0-0d5f-4932-8934-9fe33d19ce86 \
-no-user-config \
-nodefaults \
-chardev socket,id=charmonitor,fd=33,server=on,wait=off \
-object '{"qom-type":"monitor-qmp","id":"monitor","chardev":"charmonitor"}' \
-rtc base=localtime,driftfix=slew \
-global kvm-pit.lost_tick_policy=delay \
-no-shutdown \
-global ICH9-LPC.disable_s3=1 \
-global ICH9-LPC.disable_s4=1 \
-boot menu=off,strict=on \
-device '{"driver":"pcie-root-port","port":16,"chassis":1,"id":"pci.1","bus":"pcie.0","multifunction":true,"addr":"0x2"}' \
-device '{"driver":"pcie-root-port","port":17,"chassis":2,"id":"pci.2","bus":"pcie.0","addr":"0x2.0x1"}' \
-device '{"driver":"pcie-root-port","port":18,"chassis":3,"id":"pci.3","bus":"pcie.0","addr":"0x2.0x2"}' \
-device '{"driver":"pcie-root-port","port":19,"chassis":4,"id":"pci.4","bus":"pcie.0","addr":"0x2.0x3"}' \
-device '{"driver":"pcie-root-port","port":20,"chassis":5,"id":"pci.5","bus":"pcie.0","addr":"0x2.0x4"}' \
-device '{"driver":"pcie-root-port","port":21,"chassis":6,"id":"pci.6","bus":"pcie.0","addr":"0x2.0x5"}' \
-device '{"driver":"pcie-root-port","port":22,"chassis":7,"id":"pci.7","bus":"pcie.0","addr":"0x2.0x6"}' \
-device '{"driver":"pcie-root-port","port":23,"chassis":8,"id":"pci.8","bus":"pcie.0","addr":"0x2.0x7"}' \
-device '{"driver":"pcie-root-port","port":24,"chassis":9,"id":"pci.9","bus":"pcie.0","multifunction":true,"addr":"0x3"}' \
-device '{"driver":"pcie-root-port","port":25,"chassis":10,"id":"pci.10","bus":"pcie.0","addr":"0x3.0x1"}' \
-device '{"driver":"pcie-root-port","port":26,"chassis":11,"id":"pci.11","bus":"pcie.0","addr":"0x3.0x2"}' \
-device '{"driver":"pcie-root-port","port":27,"chassis":12,"id":"pci.12","bus":"pcie.0","addr":"0x3.0x3"}' \
-device '{"driver":"pcie-root-port","port":28,"chassis":13,"id":"pci.13","bus":"pcie.0","addr":"0x3.0x4"}' \
-device '{"driver":"pcie-root-port","port":29,"chassis":14,"id":"pci.14","bus":"pcie.0","addr":"0x3.0x5"}' \
-device '{"driver":"qemu-xhci","p2":15,"p3":15,"id":"usb","bus":"pci.3","addr":"0x0"}' \
-device '{"driver":"virtio-scsi-pci","id":"scsi0","bus":"pci.2","addr":"0x0"}' \
-device '{"driver":"virtio-serial-pci","id":"virtio-serial0","bus":"pci.4","addr":"0x0"}' \
-blockdev '{"driver":"host_device","filename":"/dev/zvol/zpcachyos/vms/win11","aio":"io_uring","node-name":"libvirt-4-storage","read-only":false,"discard":"unmap","detect-zeroes":"unmap","cache":{"direct":true,"no-flush":false}}' \
-device '{"driver":"scsi-hd","bus":"scsi0.0","channel":0,"scsi-id":0,"lun":0,"device_id":"WIN11-E39AF3F00D5F493289349FE33D19CE","drive":"libvirt-4-storage","id":"scsi0-0-0-0","bootindex":2,"write-cache":"on","serial":"WIN11-E39AF3F00D5F493289349FE33D19CE"}' \
-blockdev '{"driver":"file","filename":"/var/lib/libvirt/boot/Windows11-25H2-Official-Multi-DE.iso","node-name":"libvirt-3-storage","read-only":true}' \
-device '{"driver":"ide-cd","bus":"ide.1","drive":"libvirt-3-storage","id":"sata0-0-1","bootindex":1}' \
-blockdev '{"driver":"file","filename":"/var/lib/libvirt/boot/virtio-win.iso","node-name":"libvirt-2-storage","read-only":true}' \
-device '{"driver":"ide-cd","bus":"ide.2","drive":"libvirt-2-storage","id":"sata0-0-2"}' \
-blockdev '{"driver":"file","filename":"/var/lib/libvirt/boot/win11-siemens-support.iso","node-name":"libvirt-1-storage","read-only":true}' \
-device '{"driver":"ide-cd","bus":"ide.3","drive":"libvirt-1-storage","id":"sata0-0-3"}' \
-netdev '{"type":"tap","fd":"34","vhost":true,"vhostfd":"36","id":"hostnet0"}' \
-device '{"driver":"virtio-net-pci","netdev":"hostnet0","id":"net0","mac":"52:54:00:df:a5:d1","bus":"pci.1","addr":"0x0"}' \
-chardev pty,id=charserial0 \
-device '{"driver":"isa-serial","chardev":"charserial0","id":"serial0","index":0}' \
-chardev spicevmc,id=charchannel0,name=vdagent \
-device '{"driver":"virtserialport","bus":"virtio-serial0.0","nr":1,"chardev":"charchannel0","id":"channel0","name":"com.redhat.spice.0"}' \
-chardev socket,id=chrtpm,path=/run/libvirt/qemu/swtpm/16-win11-siemens-swtpm.sock \
-tpmdev emulator,id=tpm-tpm0,chardev=chrtpm \
-device '{"driver":"tpm-crb","tpmdev":"tpm-tpm0","id":"tpm0"}' \
-device '{"driver":"usb-tablet","id":"input0","bus":"usb.0","port":"1"}' \
-audiodev '{"id":"audio1","driver":"spice"}' \
-spice port=5900,addr=127.0.0.1,disable-ticketing=on,image-compression=off,streaming-video=off,seamless-migration=on \
-device '{"driver":"VGA","id":"video0","vgamem_mb":16,"bus":"pcie.0","addr":"0x1"}' \
-device '{"driver":"ich9-intel-hda","id":"sound0","bus":"pcie.0","addr":"0x1b"}' \
-device '{"driver":"hda-duplex","id":"sound0-codec0","bus":"sound0.0","cad":0,"audiodev":"audio1"}' \
-global ICH9-LPC.noreboot=off \
-watchdog-action reset \
-chardev spicevmc,id=charredir0,name=usbredir \
-device '{"driver":"usb-redir","chardev":"charredir0","id":"redir0","bus":"usb.0","port":"2"}' \
-chardev spicevmc,id=charredir1,name=usbredir \
-device '{"driver":"usb-redir","chardev":"charredir1","id":"redir1","bus":"usb.0","port":"3"}' \
-device '{"driver":"virtio-balloon-pci","id":"balloon0","bus":"pci.5","addr":"0x0"}' \
-sandbox on,obsolete=deny,elevateprivileges=deny,spawn=deny,resourcecontrol=deny \
-msg timestamp=on
char device redirected to /dev/pts/0 (label charserial0)
2026-09-27T10:28:10.796747Z qemu-system-x86_64: terminating on signal 15 from pid 103655 (/usr/bin/libvirtd)
2026-09-27 10:28:11.397+0000: shutting down, reason=destroyed
2026-09-27 10:28:18.114+0000: Starting external device: TPM Emulator
/usr/bin/swtpm socket --ctrl type=unixio,path=/run/libvirt/qemu/swtpm/17-win11-siemens-swtpm.sock,mode=0600 --tpmstate dir=/var/lib/libvirt/swtpm/e39af3f0-0d5f-4932-8934-9fe33d19ce86/tpm2,mode=0600,lock --log file=/var/log/swtpm/libvirt/qemu/win11-siemens-swtpm.log --terminate --tpm2
2026-09-27 10:28:18.133+0000: starting up libvirt version: 12.7.0, qemu version: 11.1.1, kernel: 7.2.8-1-cachyos, hostname: cachyos-x8664
LC_ALL=C \
PATH=/usr/local/sbin:/usr/local/bin:/usr/bin \
USER=root \
HOME=/var/lib/libvirt/qemu/domain-17-win11-siemens \
XDG_DATA_HOME=/var/lib/libvirt/qemu/domain-17-win11-siemens/.local/share \
XDG_CACHE_HOME=/var/lib/libvirt/qemu/domain-17-win11-siemens/.cache \
XDG_CONFIG_HOME=/var/lib/libvirt/qemu/domain-17-win11-siemens/.config \
/usr/bin/qemu-system-x86_64 \
-name guest=win11-siemens,debug-threads=on \
-S \
-object '{"qom-type":"secret","id":"masterKey0","format":"raw","file":"/var/lib/libvirt/qemu/domain-17-win11-siemens/master-key.aes"}' \
-blockdev '{"driver":"file","filename":"/usr/share/edk2/x64/OVMF_CODE.secboot.4m.fd","node-name":"libvirt-pflash0-storage","auto-read-only":true,"discard":"unmap"}' \
-blockdev '{"node-name":"libvirt-pflash0-format","read-only":true,"driver":"raw","file":"libvirt-pflash0-storage"}' \
-blockdev '{"driver":"file","filename":"/var/lib/libvirt/qemu/nvram/win11-siemens_VARS.fd","node-name":"libvirt-pflash1-storage","read-only":false}' \
-machine pc-q35-11.1,usb=off,vmport=off,smm=on,dump-guest-core=off,memory-backend=pc.ram,pflash0=libvirt-pflash0-format,pflash1=libvirt-pflash1-storage,hpet=off,acpi=on \
-accel kvm \
-cpu host,migratable=on,hv-time=on,hv-relaxed=on,hv-vapic=on,hv-spinlocks=0x1fff,hv-vpindex=on,hv-runtime=on,hv-synic=on,hv-stimer=on,hv-frequencies=on,hv-tlbflush=on,hv-ipi=on,hv-evmcs=on,hv-avic=on \
-global driver=cfi.pflash01,property=secure,value=on \
-m size=16777216k \
-object '{"qom-type":"memory-backend-ram","id":"pc.ram","size":17179869184}' \
-overcommit mem-lock=off \
-smp 8,sockets=1,dies=1,clusters=1,cores=8,threads=1 \
-uuid e39af3f0-0d5f-4932-8934-9fe33d19ce86 \
-no-user-config \
-nodefaults \
-chardev socket,id=charmonitor,fd=33,server=on,wait=off \
-object '{"qom-type":"monitor-qmp","id":"monitor","chardev":"charmonitor"}' \
-rtc base=localtime,driftfix=slew \
-global kvm-pit.lost_tick_policy=delay \
-no-shutdown \
-global ICH9-LPC.disable_s3=1 \
-global ICH9-LPC.disable_s4=1 \
-boot menu=off,strict=on \
-device '{"driver":"pcie-root-port","port":16,"chassis":1,"id":"pci.1","bus":"pcie.0","multifunction":true,"addr":"0x2"}' \
-device '{"driver":"pcie-root-port","port":17,"chassis":2,"id":"pci.2","bus":"pcie.0","addr":"0x2.0x1"}' \
-device '{"driver":"pcie-root-port","port":18,"chassis":3,"id":"pci.3","bus":"pcie.0","addr":"0x2.0x2"}' \
-device '{"driver":"pcie-root-port","port":19,"chassis":4,"id":"pci.4","bus":"pcie.0","addr":"0x2.0x3"}' \
-device '{"driver":"pcie-root-port","port":20,"chassis":5,"id":"pci.5","bus":"pcie.0","addr":"0x2.0x4"}' \
-device '{"driver":"pcie-root-port","port":21,"chassis":6,"id":"pci.6","bus":"pcie.0","addr":"0x2.0x5"}' \
-device '{"driver":"pcie-root-port","port":22,"chassis":7,"id":"pci.7","bus":"pcie.0","addr":"0x2.0x6"}' \
-device '{"driver":"pcie-root-port","port":23,"chassis":8,"id":"pci.8","bus":"pcie.0","addr":"0x2.0x7"}' \
-device '{"driver":"pcie-root-port","port":24,"chassis":9,"id":"pci.9","bus":"pcie.0","multifunction":true,"addr":"0x3"}' \
-device '{"driver":"pcie-root-port","port":25,"chassis":10,"id":"pci.10","bus":"pcie.0","addr":"0x3.0x1"}' \
-device '{"driver":"pcie-root-port","port":26,"chassis":11,"id":"pci.11","bus":"pcie.0","addr":"0x3.0x2"}' \
-device '{"driver":"pcie-root-port","port":27,"chassis":12,"id":"pci.12","bus":"pcie.0","addr":"0x3.0x3"}' \
-device '{"driver":"pcie-root-port","port":28,"chassis":13,"id":"pci.13","bus":"pcie.0","addr":"0x3.0x4"}' \
-device '{"driver":"pcie-root-port","port":29,"chassis":14,"id":"pci.14","bus":"pcie.0","addr":"0x3.0x5"}' \
-device '{"driver":"qemu-xhci","p2":15,"p3":15,"id":"usb","bus":"pci.3","addr":"0x0"}' \
-device '{"driver":"virtio-scsi-pci","id":"scsi0","bus":"pci.2","addr":"0x0"}' \
-device '{"driver":"virtio-serial-pci","id":"virtio-serial0","bus":"pci.4","addr":"0x0"}' \
-blockdev '{"driver":"host_device","filename":"/dev/zvol/zpcachyos/vms/win11","aio":"io_uring","node-name":"libvirt-4-storage","read-only":false,"discard":"unmap","detect-zeroes":"unmap","cache":{"direct":true,"no-flush":false}}' \
-device '{"driver":"scsi-hd","bus":"scsi0.0","channel":0,"scsi-id":0,"lun":0,"device_id":"WIN11-E39AF3F00D5F493289349FE33D19CE","drive":"libvirt-4-storage","id":"scsi0-0-0-0","bootindex":2,"write-cache":"on","serial":"WIN11-E39AF3F00D5F493289349FE33D19CE"}' \
-blockdev '{"driver":"file","filename":"/var/lib/libvirt/boot/Windows11-25H2-Official-Multi-DE.iso","node-name":"libvirt-3-storage","read-only":true}' \
-device '{"driver":"ide-cd","bus":"ide.1","drive":"libvirt-3-storage","id":"sata0-0-1","bootindex":1}' \
-blockdev '{"driver":"file","filename":"/var/lib/libvirt/boot/virtio-win.iso","node-name":"libvirt-2-storage","read-only":true}' \
-device '{"driver":"ide-cd","bus":"ide.2","drive":"libvirt-2-storage","id":"sata0-0-2"}' \
-blockdev '{"driver":"file","filename":"/var/lib/libvirt/boot/win11-siemens-support.iso","node-name":"libvirt-1-storage","read-only":true}' \
-device '{"driver":"ide-cd","bus":"ide.3","drive":"libvirt-1-storage","id":"sata0-0-3"}' \
-netdev '{"type":"tap","fd":"34","vhost":true,"vhostfd":"36","id":"hostnet0"}' \
-device '{"driver":"virtio-net-pci","netdev":"hostnet0","id":"net0","mac":"52:54:00:df:a5:d1","bus":"pci.1","addr":"0x0"}' \
-chardev pty,id=charserial0 \
-device '{"driver":"isa-serial","chardev":"charserial0","id":"serial0","index":0}' \
-chardev spicevmc,id=charchannel0,name=vdagent \
-device '{"driver":"virtserialport","bus":"virtio-serial0.0","nr":1,"chardev":"charchannel0","id":"channel0","name":"com.redhat.spice.0"}' \
-chardev socket,id=chrtpm,path=/run/libvirt/qemu/swtpm/17-win11-siemens-swtpm.sock \
-tpmdev emulator,id=tpm-tpm0,chardev=chrtpm \
-device '{"driver":"tpm-crb","tpmdev":"tpm-tpm0","id":"tpm0"}' \
-device '{"driver":"usb-tablet","id":"input0","bus":"usb.0","port":"1"}' \
-audiodev '{"id":"audio1","driver":"spice"}' \
-spice port=5900,addr=127.0.0.1,disable-ticketing=on,image-compression=off,streaming-video=off,seamless-migration=on \
-device '{"driver":"VGA","id":"video0","vgamem_mb":16,"bus":"pcie.0","addr":"0x1"}' \
-device '{"driver":"ich9-intel-hda","id":"sound0","bus":"pcie.0","addr":"0x1b"}' \
-device '{"driver":"hda-duplex","id":"sound0-codec0","bus":"sound0.0","cad":0,"audiodev":"audio1"}' \
-global ICH9-LPC.noreboot=off \
-watchdog-action reset \
-chardev spicevmc,id=charredir0,name=usbredir \
-device '{"driver":"usb-redir","chardev":"charredir0","id":"redir0","bus":"usb.0","port":"2"}' \
-chardev spicevmc,id=charredir1,name=usbredir \
-device '{"driver":"usb-redir","chardev":"charredir1","id":"redir1","bus":"usb.0","port":"3"}' \
-device '{"driver":"virtio-balloon-pci","id":"balloon0","bus":"pci.5","addr":"0x0"}' \
-sandbox on,obsolete=deny,elevateprivileges=deny,spawn=deny,resourcecontrol=deny \
-msg timestamp=on
char device redirected to /dev/pts/0 (label charserial0)
2026-09-27T10:29:51.758909Z qemu-system-x86_64: terminating on signal 15 from pid 103655 (/usr/bin/libvirtd)
2026-09-27 10:29:52.159+0000: shutting down, reason=destroyed
2026-09-27 10:30:00.682+0000: Starting external device: TPM Emulator
/usr/bin/swtpm socket --ctrl type=unixio,path=/run/libvirt/qemu/swtpm/18-win11-siemens-swtpm.sock,mode=0600 --tpmstate dir=/var/lib/libvirt/swtpm/e39af3f0-0d5f-4932-8934-9fe33d19ce86/tpm2,mode=0600,lock --log file=/var/log/swtpm/libvirt/qemu/win11-siemens-swtpm.log --terminate --tpm2
2026-09-27 10:30:00.700+0000: starting up libvirt version: 12.7.0, qemu version: 11.1.1, kernel: 7.2.8-1-cachyos, hostname: cachyos-x8664
LC_ALL=C \
PATH=/usr/local/sbin:/usr/local/bin:/usr/bin \
USER=root \
HOME=/var/lib/libvirt/qemu/domain-18-win11-siemens \
XDG_DATA_HOME=/var/lib/libvirt/qemu/domain-18-win11-siemens/.local/share \
XDG_CACHE_HOME=/var/lib/libvirt/qemu/domain-18-win11-siemens/.cache \
XDG_CONFIG_HOME=/var/lib/libvirt/qemu/domain-18-win11-siemens/.config \
/usr/bin/qemu-system-x86_64 \
-name guest=win11-siemens,debug-threads=on \
-S \
-object '{"qom-type":"secret","id":"masterKey0","format":"raw","file":"/var/lib/libvirt/qemu/domain-18-win11-siemens/master-key.aes"}' \
-blockdev '{"driver":"file","filename":"/usr/share/edk2/x64/OVMF_CODE.secboot.4m.fd","node-name":"libvirt-pflash0-storage","auto-read-only":true,"discard":"unmap"}' \
-blockdev '{"node-name":"libvirt-pflash0-format","read-only":true,"driver":"raw","file":"libvirt-pflash0-storage"}' \
-blockdev '{"driver":"file","filename":"/var/lib/libvirt/qemu/nvram/win11-siemens_VARS.fd","node-name":"libvirt-pflash1-storage","read-only":false}' \
-machine pc-q35-11.1,usb=off,vmport=off,smm=on,dump-guest-core=off,memory-backend=pc.ram,pflash0=libvirt-pflash0-format,pflash1=libvirt-pflash1-storage,hpet=off,acpi=on \
-accel kvm \
-cpu host,migratable=on,hv-time=on,hv-relaxed=on,hv-vapic=on,hv-spinlocks=0x1fff,hv-vpindex=on,hv-runtime=on,hv-synic=on,hv-stimer=on,hv-frequencies=on,hv-tlbflush=on,hv-ipi=on,hv-evmcs=on,hv-avic=on \
-global driver=cfi.pflash01,property=secure,value=on \
-m size=16777216k \
-object '{"qom-type":"memory-backend-ram","id":"pc.ram","size":17179869184}' \
-overcommit mem-lock=off \
-smp 8,sockets=1,dies=1,clusters=1,cores=8,threads=1 \
-uuid e39af3f0-0d5f-4932-8934-9fe33d19ce86 \
-no-user-config \
-nodefaults \
-chardev socket,id=charmonitor,fd=33,server=on,wait=off \
-object '{"qom-type":"monitor-qmp","id":"monitor","chardev":"charmonitor"}' \
-rtc base=localtime,driftfix=slew \
-global kvm-pit.lost_tick_policy=delay \
-no-shutdown \
-global ICH9-LPC.disable_s3=1 \
-global ICH9-LPC.disable_s4=1 \
-boot menu=off,strict=on \
-device '{"driver":"pcie-root-port","port":16,"chassis":1,"id":"pci.1","bus":"pcie.0","multifunction":true,"addr":"0x2"}' \
-device '{"driver":"pcie-root-port","port":17,"chassis":2,"id":"pci.2","bus":"pcie.0","addr":"0x2.0x1"}' \
-device '{"driver":"pcie-root-port","port":18,"chassis":3,"id":"pci.3","bus":"pcie.0","addr":"0x2.0x2"}' \
-device '{"driver":"pcie-root-port","port":19,"chassis":4,"id":"pci.4","bus":"pcie.0","addr":"0x2.0x3"}' \
-device '{"driver":"pcie-root-port","port":20,"chassis":5,"id":"pci.5","bus":"pcie.0","addr":"0x2.0x4"}' \
-device '{"driver":"pcie-root-port","port":21,"chassis":6,"id":"pci.6","bus":"pcie.0","addr":"0x2.0x5"}' \
-device '{"driver":"pcie-root-port","port":22,"chassis":7,"id":"pci.7","bus":"pcie.0","addr":"0x2.0x6"}' \
-device '{"driver":"pcie-root-port","port":23,"chassis":8,"id":"pci.8","bus":"pcie.0","addr":"0x2.0x7"}' \
-device '{"driver":"pcie-root-port","port":24,"chassis":9,"id":"pci.9","bus":"pcie.0","multifunction":true,"addr":"0x3"}' \
-device '{"driver":"pcie-root-port","port":25,"chassis":10,"id":"pci.10","bus":"pcie.0","addr":"0x3.0x1"}' \
-device '{"driver":"pcie-root-port","port":26,"chassis":11,"id":"pci.11","bus":"pcie.0","addr":"0x3.0x2"}' \
-device '{"driver":"pcie-root-port","port":27,"chassis":12,"id":"pci.12","bus":"pcie.0","addr":"0x3.0x3"}' \
-device '{"driver":"pcie-root-port","port":28,"chassis":13,"id":"pci.13","bus":"pcie.0","addr":"0x3.0x4"}' \
-device '{"driver":"pcie-root-port","port":29,"chassis":14,"id":"pci.14","bus":"pcie.0","addr":"0x3.0x5"}' \
-device '{"driver":"qemu-xhci","p2":15,"p3":15,"id":"usb","bus":"pci.3","addr":"0x0"}' \
-device '{"driver":"virtio-scsi-pci","id":"scsi0","bus":"pci.2","addr":"0x0"}' \
-device '{"driver":"virtio-serial-pci","id":"virtio-serial0","bus":"pci.4","addr":"0x0"}' \
-blockdev '{"driver":"host_device","filename":"/dev/zvol/zpcachyos/vms/win11","aio":"io_uring","node-name":"libvirt-4-storage","read-only":false,"discard":"unmap","detect-zeroes":"unmap","cache":{"direct":true,"no-flush":false}}' \
-device '{"driver":"scsi-hd","bus":"scsi0.0","channel":0,"scsi-id":0,"lun":0,"device_id":"WIN11-E39AF3F00D5F493289349FE33D19CE","drive":"libvirt-4-storage","id":"scsi0-0-0-0","bootindex":2,"write-cache":"on","serial":"WIN11-E39AF3F00D5F493289349FE33D19CE"}' \
-blockdev '{"driver":"file","filename":"/var/lib/libvirt/boot/Windows11-25H2-Official-Multi-DE.iso","node-name":"libvirt-3-storage","read-only":true}' \
-device '{"driver":"ide-cd","bus":"ide.1","drive":"libvirt-3-storage","id":"sata0-0-1","bootindex":1}' \
-blockdev '{"driver":"file","filename":"/var/lib/libvirt/boot/virtio-win.iso","node-name":"libvirt-2-storage","read-only":true}' \
-device '{"driver":"ide-cd","bus":"ide.2","drive":"libvirt-2-storage","id":"sata0-0-2"}' \
-blockdev '{"driver":"file","filename":"/var/lib/libvirt/boot/win11-siemens-support.iso","node-name":"libvirt-1-storage","read-only":true}' \
-device '{"driver":"ide-cd","bus":"ide.3","drive":"libvirt-1-storage","id":"sata0-0-3"}' \
-netdev '{"type":"tap","fd":"34","vhost":true,"vhostfd":"36","id":"hostnet0"}' \
-device '{"driver":"virtio-net-pci","netdev":"hostnet0","id":"net0","mac":"52:54:00:df:a5:d1","bus":"pci.1","addr":"0x0"}' \
-chardev pty,id=charserial0 \
-device '{"driver":"isa-serial","chardev":"charserial0","id":"serial0","index":0}' \
-chardev spicevmc,id=charchannel0,name=vdagent \
-device '{"driver":"virtserialport","bus":"virtio-serial0.0","nr":1,"chardev":"charchannel0","id":"channel0","name":"com.redhat.spice.0"}' \
-chardev socket,id=chrtpm,path=/run/libvirt/qemu/swtpm/18-win11-siemens-swtpm.sock \
-tpmdev emulator,id=tpm-tpm0,chardev=chrtpm \
-device '{"driver":"tpm-crb","tpmdev":"tpm-tpm0","id":"tpm0"}' \
-device '{"driver":"usb-tablet","id":"input0","bus":"usb.0","port":"1"}' \
-audiodev '{"id":"audio1","driver":"spice"}' \
-spice port=5900,addr=127.0.0.1,disable-ticketing=on,image-compression=off,streaming-video=off,seamless-migration=on \
-device '{"driver":"VGA","id":"video0","vgamem_mb":16,"bus":"pcie.0","addr":"0x1"}' \
-device '{"driver":"ich9-intel-hda","id":"sound0","bus":"pcie.0","addr":"0x1b"}' \
-device '{"driver":"hda-duplex","id":"sound0-codec0","bus":"sound0.0","cad":0,"audiodev":"audio1"}' \
-global ICH9-LPC.noreboot=off \
-watchdog-action reset \
-chardev spicevmc,id=charredir0,name=usbredir \
-device '{"driver":"usb-redir","chardev":"charredir0","id":"redir0","bus":"usb.0","port":"2"}' \
-chardev spicevmc,id=charredir1,name=usbredir \
-device '{"driver":"usb-redir","chardev":"charredir1","id":"redir1","bus":"usb.0","port":"3"}' \
-device '{"driver":"virtio-balloon-pci","id":"balloon0","bus":"pci.5","addr":"0x0"}' \
-sandbox on,obsolete=deny,elevateprivileges=deny,spawn=deny,resourcecontrol=deny \
-msg timestamp=on
char device redirected to /dev/pts/0 (label charserial0)
2026-09-27T10:32:14.852020Z qemu-system-x86_64: terminating on signal 15 from pid 103655 (/usr/bin/libvirtd)
2026-09-27 10:32:15.452+0000: shutting down, reason=destroyed
2026-09-27 10:32:26.679+0000: Starting external device: TPM Emulator
/usr/bin/swtpm socket --ctrl type=unixio,path=/run/libvirt/qemu/swtpm/19-win11-siemens-swtpm.sock,mode=0600 --tpmstate dir=/var/lib/libvirt/swtpm/e39af3f0-0d5f-4932-8934-9fe33d19ce86/tpm2,mode=0600,lock --log file=/var/log/swtpm/libvirt/qemu/win11-siemens-swtpm.log --terminate --tpm2
2026-09-27 10:32:26.693+0000: starting up libvirt version: 12.7.0, qemu version: 11.1.1, kernel: 7.2.8-1-cachyos, hostname: cachyos-x8664
LC_ALL=C \
PATH=/usr/local/sbin:/usr/local/bin:/usr/bin \
USER=root \
HOME=/var/lib/libvirt/qemu/domain-19-win11-siemens \
XDG_DATA_HOME=/var/lib/libvirt/qemu/domain-19-win11-siemens/.local/share \
XDG_CACHE_HOME=/var/lib/libvirt/qemu/domain-19-win11-siemens/.cache \
XDG_CONFIG_HOME=/var/lib/libvirt/qemu/domain-19-win11-siemens/.config \
/usr/bin/qemu-system-x86_64 \
-name guest=win11-siemens,debug-threads=on \
-S \
-object '{"qom-type":"secret","id":"masterKey0","format":"raw","file":"/var/lib/libvirt/qemu/domain-19-win11-siemens/master-key.aes"}' \
-blockdev '{"driver":"file","filename":"/usr/share/edk2/x64/OVMF_CODE.secboot.4m.fd","node-name":"libvirt-pflash0-storage","auto-read-only":true,"discard":"unmap"}' \
-blockdev '{"node-name":"libvirt-pflash0-format","read-only":true,"driver":"raw","file":"libvirt-pflash0-storage"}' \
-blockdev '{"driver":"file","filename":"/var/lib/libvirt/qemu/nvram/win11-siemens_VARS.fd","node-name":"libvirt-pflash1-storage","read-only":false}' \
-machine pc-q35-11.1,usb=off,vmport=off,smm=on,dump-guest-core=off,memory-backend=pc.ram,pflash0=libvirt-pflash0-format,pflash1=libvirt-pflash1-storage,hpet=off,acpi=on \
-accel kvm \
-cpu host,migratable=on,hv-time=on,hv-relaxed=on,hv-vapic=on,hv-spinlocks=0x1fff,hv-vpindex=on,hv-runtime=on,hv-synic=on,hv-stimer=on,hv-frequencies=on,hv-tlbflush=on,hv-ipi=on,hv-evmcs=on,hv-avic=on \
-global driver=cfi.pflash01,property=secure,value=on \
-m size=16777216k \
-object '{"qom-type":"memory-backend-ram","id":"pc.ram","size":17179869184}' \
-overcommit mem-lock=off \
-smp 8,sockets=1,dies=1,clusters=1,cores=8,threads=1 \
-uuid e39af3f0-0d5f-4932-8934-9fe33d19ce86 \
-no-user-config \
-nodefaults \
-chardev socket,id=charmonitor,fd=33,server=on,wait=off \
-object '{"qom-type":"monitor-qmp","id":"monitor","chardev":"charmonitor"}' \
-rtc base=localtime,driftfix=slew \
-global kvm-pit.lost_tick_policy=delay \
-no-shutdown \
-global ICH9-LPC.disable_s3=1 \
-global ICH9-LPC.disable_s4=1 \
-boot menu=off,strict=on \
-device '{"driver":"pcie-root-port","port":16,"chassis":1,"id":"pci.1","bus":"pcie.0","multifunction":true,"addr":"0x2"}' \
-device '{"driver":"pcie-root-port","port":17,"chassis":2,"id":"pci.2","bus":"pcie.0","addr":"0x2.0x1"}' \
-device '{"driver":"pcie-root-port","port":18,"chassis":3,"id":"pci.3","bus":"pcie.0","addr":"0x2.0x2"}' \
-device '{"driver":"pcie-root-port","port":19,"chassis":4,"id":"pci.4","bus":"pcie.0","addr":"0x2.0x3"}' \
-device '{"driver":"pcie-root-port","port":20,"chassis":5,"id":"pci.5","bus":"pcie.0","addr":"0x2.0x4"}' \
-device '{"driver":"pcie-root-port","port":21,"chassis":6,"id":"pci.6","bus":"pcie.0","addr":"0x2.0x5"}' \
-device '{"driver":"pcie-root-port","port":22,"chassis":7,"id":"pci.7","bus":"pcie.0","addr":"0x2.0x6"}' \
-device '{"driver":"pcie-root-port","port":23,"chassis":8,"id":"pci.8","bus":"pcie.0","addr":"0x2.0x7"}' \
-device '{"driver":"pcie-root-port","port":24,"chassis":9,"id":"pci.9","bus":"pcie.0","multifunction":true,"addr":"0x3"}' \
-device '{"driver":"pcie-root-port","port":25,"chassis":10,"id":"pci.10","bus":"pcie.0","addr":"0x3.0x1"}' \
-device '{"driver":"pcie-root-port","port":26,"chassis":11,"id":"pci.11","bus":"pcie.0","addr":"0x3.0x2"}' \
-device '{"driver":"pcie-root-port","port":27,"chassis":12,"id":"pci.12","bus":"pcie.0","addr":"0x3.0x3"}' \
-device '{"driver":"pcie-root-port","port":28,"chassis":13,"id":"pci.13","bus":"pcie.0","addr":"0x3.0x4"}' \
-device '{"driver":"pcie-root-port","port":29,"chassis":14,"id":"pci.14","bus":"pcie.0","addr":"0x3.0x5"}' \
-device '{"driver":"qemu-xhci","p2":15,"p3":15,"id":"usb","bus":"pci.3","addr":"0x0"}' \
-device '{"driver":"virtio-scsi-pci","id":"scsi0","bus":"pci.2","addr":"0x0"}' \
-device '{"driver":"virtio-serial-pci","id":"virtio-serial0","bus":"pci.4","addr":"0x0"}' \
-blockdev '{"driver":"host_device","filename":"/dev/zvol/zpcachyos/vms/win11","aio":"io_uring","node-name":"libvirt-4-storage","read-only":false,"discard":"unmap","detect-zeroes":"unmap","cache":{"direct":true,"no-flush":false}}' \
-device '{"driver":"scsi-hd","bus":"scsi0.0","channel":0,"scsi-id":0,"lun":0,"device_id":"WIN11-E39AF3F00D5F493289349FE33D19CE","drive":"libvirt-4-storage","id":"scsi0-0-0-0","bootindex":2,"write-cache":"on","serial":"WIN11-E39AF3F00D5F493289349FE33D19CE"}' \
-blockdev '{"driver":"file","filename":"/var/lib/libvirt/boot/Windows11-25H2-Official-Multi-DE.iso","node-name":"libvirt-3-storage","read-only":true}' \
-device '{"driver":"ide-cd","bus":"ide.1","drive":"libvirt-3-storage","id":"sata0-0-1","bootindex":1}' \
-blockdev '{"driver":"file","filename":"/var/lib/libvirt/boot/virtio-win.iso","node-name":"libvirt-2-storage","read-only":true}' \
-device '{"driver":"ide-cd","bus":"ide.2","drive":"libvirt-2-storage","id":"sata0-0-2"}' \
-blockdev '{"driver":"file","filename":"/var/lib/libvirt/boot/win11-siemens-support.iso","node-name":"libvirt-1-storage","read-only":true}' \
-device '{"driver":"ide-cd","bus":"ide.3","drive":"libvirt-1-storage","id":"sata0-0-3"}' \
-netdev '{"type":"tap","fd":"34","vhost":true,"vhostfd":"36","id":"hostnet0"}' \
-device '{"driver":"virtio-net-pci","netdev":"hostnet0","id":"net0","mac":"52:54:00:df:a5:d1","bus":"pci.1","addr":"0x0"}' \
-chardev pty,id=charserial0 \
-device '{"driver":"isa-serial","chardev":"charserial0","id":"serial0","index":0}' \
-chardev spicevmc,id=charchannel0,name=vdagent \
-device '{"driver":"virtserialport","bus":"virtio-serial0.0","nr":1,"chardev":"charchannel0","id":"channel0","name":"com.redhat.spice.0"}' \
-chardev socket,id=chrtpm,path=/run/libvirt/qemu/swtpm/19-win11-siemens-swtpm.sock \
-tpmdev emulator,id=tpm-tpm0,chardev=chrtpm \
-device '{"driver":"tpm-crb","tpmdev":"tpm-tpm0","id":"tpm0"}' \
-device '{"driver":"usb-tablet","id":"input0","bus":"usb.0","port":"1"}' \
-audiodev '{"id":"audio1","driver":"spice"}' \
-spice port=5900,addr=127.0.0.1,disable-ticketing=on,image-compression=off,streaming-video=off,seamless-migration=on \
-device '{"driver":"VGA","id":"video0","vgamem_mb":16,"bus":"pcie.0","addr":"0x1"}' \
-device '{"driver":"ich9-intel-hda","id":"sound0","bus":"pcie.0","addr":"0x1b"}' \
-device '{"driver":"hda-duplex","id":"sound0-codec0","bus":"sound0.0","cad":0,"audiodev":"audio1"}' \
-global ICH9-LPC.noreboot=off \
-watchdog-action reset \
-chardev spicevmc,id=charredir0,name=usbredir \
-device '{"driver":"usb-redir","chardev":"charredir0","id":"redir0","bus":"usb.0","port":"2"}' \
-chardev spicevmc,id=charredir1,name=usbredir \
-device '{"driver":"usb-redir","chardev":"charredir1","id":"redir1","bus":"usb.0","port":"3"}' \
-device '{"driver":"virtio-balloon-pci","id":"balloon0","bus":"pci.5","addr":"0x0"}' \
-sandbox on,obsolete=deny,elevateprivileges=deny,spawn=deny,resourcecontrol=deny \
-msg timestamp=on
char device redirected to /dev/pts/0 (label charserial0)
2026-09-27T10:33:55.206910Z qemu-system-x86_64: terminating on signal 15 from pid 103655 (/usr/bin/libvirtd)
2026-09-27 10:33:55.807+0000: shutting down, reason=destroyed
2026-09-27 10:34:06.788+0000: Starting external device: TPM Emulator
/usr/bin/swtpm socket --ctrl type=unixio,path=/run/libvirt/qemu/swtpm/20-win11-siemens-swtpm.sock,mode=0600 --tpmstate dir=/var/lib/libvirt/swtpm/e39af3f0-0d5f-4932-8934-9fe33d19ce86/tpm2,mode=0600,lock --log file=/var/log/swtpm/libvirt/qemu/win11-siemens-swtpm.log --terminate --tpm2
2026-09-27 10:34:06.804+0000: starting up libvirt version: 12.7.0, qemu version: 11.1.1, kernel: 7.2.8-1-cachyos, hostname: cachyos-x8664
LC_ALL=C \
PATH=/usr/local/sbin:/usr/local/bin:/usr/bin \
USER=root \
HOME=/var/lib/libvirt/qemu/domain-20-win11-siemens \
XDG_DATA_HOME=/var/lib/libvirt/qemu/domain-20-win11-siemens/.local/share \
XDG_CACHE_HOME=/var/lib/libvirt/qemu/domain-20-win11-siemens/.cache \
XDG_CONFIG_HOME=/var/lib/libvirt/qemu/domain-20-win11-siemens/.config \
/usr/bin/qemu-system-x86_64 \
-name guest=win11-siemens,debug-threads=on \
-S \
-object '{"qom-type":"secret","id":"masterKey0","format":"raw","file":"/var/lib/libvirt/qemu/domain-20-win11-siemens/master-key.aes"}' \
-blockdev '{"driver":"file","filename":"/usr/share/edk2/x64/OVMF_CODE.secboot.4m.fd","node-name":"libvirt-pflash0-storage","auto-read-only":true,"discard":"unmap"}' \
-blockdev '{"node-name":"libvirt-pflash0-format","read-only":true,"driver":"raw","file":"libvirt-pflash0-storage"}' \
-blockdev '{"driver":"file","filename":"/var/lib/libvirt/qemu/nvram/win11-siemens_VARS.fd","node-name":"libvirt-pflash1-storage","read-only":false}' \
-machine pc-q35-11.1,usb=off,vmport=off,smm=on,dump-guest-core=off,memory-backend=pc.ram,pflash0=libvirt-pflash0-format,pflash1=libvirt-pflash1-storage,hpet=off,acpi=on \
-accel kvm \
-cpu host,migratable=on,hv-time=on,hv-relaxed=on,hv-vapic=on,hv-spinlocks=0x1fff,hv-vpindex=on,hv-runtime=on,hv-synic=on,hv-stimer=on,hv-frequencies=on,hv-tlbflush=on,hv-ipi=on,hv-evmcs=on,hv-avic=on \
-global driver=cfi.pflash01,property=secure,value=on \
-m size=16777216k \
-object '{"qom-type":"memory-backend-ram","id":"pc.ram","size":17179869184}' \
-overcommit mem-lock=off \
-smp 8,sockets=1,dies=1,clusters=1,cores=8,threads=1 \
-uuid e39af3f0-0d5f-4932-8934-9fe33d19ce86 \
-no-user-config \
-nodefaults \
-chardev socket,id=charmonitor,fd=33,server=on,wait=off \
-object '{"qom-type":"monitor-qmp","id":"monitor","chardev":"charmonitor"}' \
-rtc base=localtime,driftfix=slew \
-global kvm-pit.lost_tick_policy=delay \
-no-shutdown \
-global ICH9-LPC.disable_s3=1 \
-global ICH9-LPC.disable_s4=1 \
-boot menu=off,strict=on \
-device '{"driver":"pcie-root-port","port":16,"chassis":1,"id":"pci.1","bus":"pcie.0","multifunction":true,"addr":"0x2"}' \
-device '{"driver":"pcie-root-port","port":17,"chassis":2,"id":"pci.2","bus":"pcie.0","addr":"0x2.0x1"}' \
-device '{"driver":"pcie-root-port","port":18,"chassis":3,"id":"pci.3","bus":"pcie.0","addr":"0x2.0x2"}' \
-device '{"driver":"pcie-root-port","port":19,"chassis":4,"id":"pci.4","bus":"pcie.0","addr":"0x2.0x3"}' \
-device '{"driver":"pcie-root-port","port":20,"chassis":5,"id":"pci.5","bus":"pcie.0","addr":"0x2.0x4"}' \
-device '{"driver":"pcie-root-port","port":21,"chassis":6,"id":"pci.6","bus":"pcie.0","addr":"0x2.0x5"}' \
-device '{"driver":"pcie-root-port","port":22,"chassis":7,"id":"pci.7","bus":"pcie.0","addr":"0x2.0x6"}' \
-device '{"driver":"pcie-root-port","port":23,"chassis":8,"id":"pci.8","bus":"pcie.0","addr":"0x2.0x7"}' \
-device '{"driver":"pcie-root-port","port":24,"chassis":9,"id":"pci.9","bus":"pcie.0","multifunction":true,"addr":"0x3"}' \
-device '{"driver":"pcie-root-port","port":25,"chassis":10,"id":"pci.10","bus":"pcie.0","addr":"0x3.0x1"}' \
-device '{"driver":"pcie-root-port","port":26,"chassis":11,"id":"pci.11","bus":"pcie.0","addr":"0x3.0x2"}' \
-device '{"driver":"pcie-root-port","port":27,"chassis":12,"id":"pci.12","bus":"pcie.0","addr":"0x3.0x3"}' \
-device '{"driver":"pcie-root-port","port":28,"chassis":13,"id":"pci.13","bus":"pcie.0","addr":"0x3.0x4"}' \
-device '{"driver":"pcie-root-port","port":29,"chassis":14,"id":"pci.14","bus":"pcie.0","addr":"0x3.0x5"}' \
-device '{"driver":"qemu-xhci","p2":15,"p3":15,"id":"usb","bus":"pci.3","addr":"0x0"}' \
-device '{"driver":"virtio-scsi-pci","id":"scsi0","bus":"pci.2","addr":"0x0"}' \
-device '{"driver":"virtio-serial-pci","id":"virtio-serial0","bus":"pci.4","addr":"0x0"}' \
-blockdev '{"driver":"host_device","filename":"/dev/zvol/zpcachyos/vms/win11","aio":"io_uring","node-name":"libvirt-4-storage","read-only":false,"discard":"unmap","detect-zeroes":"unmap","cache":{"direct":true,"no-flush":false}}' \
-device '{"driver":"ide-hd","bus":"ide.0","drive":"libvirt-4-storage","id":"sata0-0-0","bootindex":2,"write-cache":"on","serial":"WIN11-E39AF3F00D5F493289349FE33D19CE"}' \
-blockdev '{"driver":"file","filename":"/var/lib/libvirt/boot/Windows11-25H2-Official-Multi-DE.iso","node-name":"libvirt-3-storage","read-only":true}' \
-device '{"driver":"ide-cd","bus":"ide.1","drive":"libvirt-3-storage","id":"sata0-0-1","bootindex":1}' \
-blockdev '{"driver":"file","filename":"/var/lib/libvirt/boot/virtio-win.iso","node-name":"libvirt-2-storage","read-only":true}' \
-device '{"driver":"ide-cd","bus":"ide.2","drive":"libvirt-2-storage","id":"sata0-0-2"}' \
-blockdev '{"driver":"file","filename":"/var/lib/libvirt/boot/win11-siemens-support.iso","node-name":"libvirt-1-storage","read-only":true}' \
-device '{"driver":"ide-cd","bus":"ide.3","drive":"libvirt-1-storage","id":"sata0-0-3"}' \
-netdev '{"type":"tap","fd":"34","vhost":true,"vhostfd":"36","id":"hostnet0"}' \
-device '{"driver":"virtio-net-pci","netdev":"hostnet0","id":"net0","mac":"52:54:00:df:a5:d1","bus":"pci.1","addr":"0x0"}' \
-chardev pty,id=charserial0 \
-device '{"driver":"isa-serial","chardev":"charserial0","id":"serial0","index":0}' \
-chardev spicevmc,id=charchannel0,name=vdagent \
-device '{"driver":"virtserialport","bus":"virtio-serial0.0","nr":1,"chardev":"charchannel0","id":"channel0","name":"com.redhat.spice.0"}' \
-chardev socket,id=chrtpm,path=/run/libvirt/qemu/swtpm/20-win11-siemens-swtpm.sock \
-tpmdev emulator,id=tpm-tpm0,chardev=chrtpm \
-device '{"driver":"tpm-crb","tpmdev":"tpm-tpm0","id":"tpm0"}' \
-device '{"driver":"usb-tablet","id":"input0","bus":"usb.0","port":"1"}' \
-audiodev '{"id":"audio1","driver":"spice"}' \
-spice port=5900,addr=127.0.0.1,disable-ticketing=on,image-compression=off,streaming-video=off,seamless-migration=on \
-device '{"driver":"VGA","id":"video0","vgamem_mb":16,"bus":"pcie.0","addr":"0x1"}' \
-device '{"driver":"ich9-intel-hda","id":"sound0","bus":"pcie.0","addr":"0x1b"}' \
-device '{"driver":"hda-duplex","id":"sound0-codec0","bus":"sound0.0","cad":0,"audiodev":"audio1"}' \
-global ICH9-LPC.noreboot=off \
-watchdog-action reset \
-chardev spicevmc,id=charredir0,name=usbredir \
-device '{"driver":"usb-redir","chardev":"charredir0","id":"redir0","bus":"usb.0","port":"2"}' \
-chardev spicevmc,id=charredir1,name=usbredir \
-device '{"driver":"usb-redir","chardev":"charredir1","id":"redir1","bus":"usb.0","port":"3"}' \
-device '{"driver":"virtio-balloon-pci","id":"balloon0","bus":"pci.5","addr":"0x0"}' \
-sandbox on,obsolete=deny,elevateprivileges=deny,spawn=deny,resourcecontrol=deny \
-msg timestamp=on
char device redirected to /dev/pts/0 (label charserial0)
2026-09-27T10:34:15.355643Z qemu-system-x86_64: terminating on signal 15 from pid 103655 (/usr/bin/libvirtd)
2026-09-27 10:34:15.555+0000: shutting down, reason=destroyed
2026-09-27 10:34:18.472+0000: Starting external device: TPM Emulator
/usr/bin/swtpm socket --ctrl type=unixio,path=/run/libvirt/qemu/swtpm/21-win11-siemens-swtpm.sock,mode=0600 --tpmstate dir=/var/lib/libvirt/swtpm/e39af3f0-0d5f-4932-8934-9fe33d19ce86/tpm2,mode=0600,lock --log file=/var/log/swtpm/libvirt/qemu/win11-siemens-swtpm.log --terminate --tpm2
2026-09-27 10:34:18.485+0000: starting up libvirt version: 12.7.0, qemu version: 11.1.1, kernel: 7.2.8-1-cachyos, hostname: cachyos-x8664
LC_ALL=C \
PATH=/usr/local/sbin:/usr/local/bin:/usr/bin \
USER=root \
HOME=/var/lib/libvirt/qemu/domain-21-win11-siemens \
XDG_DATA_HOME=/var/lib/libvirt/qemu/domain-21-win11-siemens/.local/share \
XDG_CACHE_HOME=/var/lib/libvirt/qemu/domain-21-win11-siemens/.cache \
XDG_CONFIG_HOME=/var/lib/libvirt/qemu/domain-21-win11-siemens/.config \
/usr/bin/qemu-system-x86_64 \
-name guest=win11-siemens,debug-threads=on \
-S \
-object '{"qom-type":"secret","id":"masterKey0","format":"raw","file":"/var/lib/libvirt/qemu/domain-21-win11-siemens/master-key.aes"}' \
-blockdev '{"driver":"file","filename":"/usr/share/edk2/x64/OVMF_CODE.secboot.4m.fd","node-name":"libvirt-pflash0-storage","auto-read-only":true,"discard":"unmap"}' \
-blockdev '{"node-name":"libvirt-pflash0-format","read-only":true,"driver":"raw","file":"libvirt-pflash0-storage"}' \
-blockdev '{"driver":"file","filename":"/var/lib/libvirt/qemu/nvram/win11-siemens_VARS.fd","node-name":"libvirt-pflash1-storage","read-only":false}' \
-machine pc-q35-11.1,usb=off,vmport=off,smm=on,dump-guest-core=off,memory-backend=pc.ram,pflash0=libvirt-pflash0-format,pflash1=libvirt-pflash1-storage,hpet=off,acpi=on \
-accel kvm \
-cpu host,migratable=on,hv-time=on,hv-relaxed=on,hv-vapic=on,hv-spinlocks=0x1fff,hv-vpindex=on,hv-runtime=on,hv-synic=on,hv-stimer=on,hv-frequencies=on,hv-tlbflush=on,hv-ipi=on,hv-evmcs=on,hv-avic=on \
-global driver=cfi.pflash01,property=secure,value=on \
-m size=16777216k \
-object '{"qom-type":"memory-backend-ram","id":"pc.ram","size":17179869184}' \
-overcommit mem-lock=off \
-smp 8,sockets=1,dies=1,clusters=1,cores=8,threads=1 \
-uuid e39af3f0-0d5f-4932-8934-9fe33d19ce86 \
-no-user-config \
-nodefaults \
-chardev socket,id=charmonitor,fd=33,server=on,wait=off \
-object '{"qom-type":"monitor-qmp","id":"monitor","chardev":"charmonitor"}' \
-rtc base=localtime,driftfix=slew \
-global kvm-pit.lost_tick_policy=delay \
-no-shutdown \
-global ICH9-LPC.disable_s3=1 \
-global ICH9-LPC.disable_s4=1 \
-boot menu=off,strict=on \
-device '{"driver":"pcie-root-port","port":16,"chassis":1,"id":"pci.1","bus":"pcie.0","multifunction":true,"addr":"0x2"}' \
-device '{"driver":"pcie-root-port","port":17,"chassis":2,"id":"pci.2","bus":"pcie.0","addr":"0x2.0x1"}' \
-device '{"driver":"pcie-root-port","port":18,"chassis":3,"id":"pci.3","bus":"pcie.0","addr":"0x2.0x2"}' \
-device '{"driver":"pcie-root-port","port":19,"chassis":4,"id":"pci.4","bus":"pcie.0","addr":"0x2.0x3"}' \
-device '{"driver":"pcie-root-port","port":20,"chassis":5,"id":"pci.5","bus":"pcie.0","addr":"0x2.0x4"}' \
-device '{"driver":"pcie-root-port","port":21,"chassis":6,"id":"pci.6","bus":"pcie.0","addr":"0x2.0x5"}' \
-device '{"driver":"pcie-root-port","port":22,"chassis":7,"id":"pci.7","bus":"pcie.0","addr":"0x2.0x6"}' \
-device '{"driver":"pcie-root-port","port":23,"chassis":8,"id":"pci.8","bus":"pcie.0","addr":"0x2.0x7"}' \
-device '{"driver":"pcie-root-port","port":24,"chassis":9,"id":"pci.9","bus":"pcie.0","multifunction":true,"addr":"0x3"}' \
-device '{"driver":"pcie-root-port","port":25,"chassis":10,"id":"pci.10","bus":"pcie.0","addr":"0x3.0x1"}' \
-device '{"driver":"pcie-root-port","port":26,"chassis":11,"id":"pci.11","bus":"pcie.0","addr":"0x3.0x2"}' \
-device '{"driver":"pcie-root-port","port":27,"chassis":12,"id":"pci.12","bus":"pcie.0","addr":"0x3.0x3"}' \
-device '{"driver":"pcie-root-port","port":28,"chassis":13,"id":"pci.13","bus":"pcie.0","addr":"0x3.0x4"}' \
-device '{"driver":"pcie-root-port","port":29,"chassis":14,"id":"pci.14","bus":"pcie.0","addr":"0x3.0x5"}' \
-device '{"driver":"qemu-xhci","p2":15,"p3":15,"id":"usb","bus":"pci.3","addr":"0x0"}' \
-device '{"driver":"virtio-scsi-pci","id":"scsi0","bus":"pci.2","addr":"0x0"}' \
-device '{"driver":"virtio-serial-pci","id":"virtio-serial0","bus":"pci.4","addr":"0x0"}' \
-blockdev '{"driver":"host_device","filename":"/dev/zvol/zpcachyos/vms/win11","aio":"io_uring","node-name":"libvirt-4-storage","read-only":false,"discard":"unmap","detect-zeroes":"unmap","cache":{"direct":true,"no-flush":false}}' \
-device '{"driver":"ide-hd","bus":"ide.0","drive":"libvirt-4-storage","id":"sata0-0-0","bootindex":2,"write-cache":"on","serial":"WIN11-E39AF3F00D5F493289349FE33D19CE"}' \
-blockdev '{"driver":"file","filename":"/var/lib/libvirt/boot/Windows11-25H2-Official-Multi-DE.iso","node-name":"libvirt-3-storage","read-only":true}' \
-device '{"driver":"ide-cd","bus":"ide.1","drive":"libvirt-3-storage","id":"sata0-0-1","bootindex":1}' \
-blockdev '{"driver":"file","filename":"/var/lib/libvirt/boot/virtio-win.iso","node-name":"libvirt-2-storage","read-only":true}' \
-device '{"driver":"ide-cd","bus":"ide.2","drive":"libvirt-2-storage","id":"sata0-0-2"}' \
-blockdev '{"driver":"file","filename":"/var/lib/libvirt/boot/win11-siemens-support.iso","node-name":"libvirt-1-storage","read-only":true}' \
-device '{"driver":"ide-cd","bus":"ide.3","drive":"libvirt-1-storage","id":"sata0-0-3"}' \
-netdev '{"type":"tap","fd":"34","vhost":true,"vhostfd":"36","id":"hostnet0"}' \
-device '{"driver":"virtio-net-pci","netdev":"hostnet0","id":"net0","mac":"52:54:00:df:a5:d1","bus":"pci.1","addr":"0x0"}' \
-chardev pty,id=charserial0 \
-device '{"driver":"isa-serial","chardev":"charserial0","id":"serial0","index":0}' \
-chardev spicevmc,id=charchannel0,name=vdagent \
-device '{"driver":"virtserialport","bus":"virtio-serial0.0","nr":1,"chardev":"charchannel0","id":"channel0","name":"com.redhat.spice.0"}' \
-chardev socket,id=chrtpm,path=/run/libvirt/qemu/swtpm/21-win11-siemens-swtpm.sock \
-tpmdev emulator,id=tpm-tpm0,chardev=chrtpm \
-device '{"driver":"tpm-crb","tpmdev":"tpm-tpm0","id":"tpm0"}' \
-device '{"driver":"usb-tablet","id":"input0","bus":"usb.0","port":"1"}' \
-audiodev '{"id":"audio1","driver":"spice"}' \
-spice port=5900,addr=127.0.0.1,disable-ticketing=on,image-compression=off,streaming-video=off,seamless-migration=on \
-device '{"driver":"VGA","id":"video0","vgamem_mb":16,"bus":"pcie.0","addr":"0x1"}' \
-device '{"driver":"ich9-intel-hda","id":"sound0","bus":"pcie.0","addr":"0x1b"}' \
-device '{"driver":"hda-duplex","id":"sound0-codec0","bus":"sound0.0","cad":0,"audiodev":"audio1"}' \
-global ICH9-LPC.noreboot=off \
-watchdog-action reset \
-chardev spicevmc,id=charredir0,name=usbredir \
-device '{"driver":"usb-redir","chardev":"charredir0","id":"redir0","bus":"usb.0","port":"2"}' \
-chardev spicevmc,id=charredir1,name=usbredir \
-device '{"driver":"usb-redir","chardev":"charredir1","id":"redir1","bus":"usb.0","port":"3"}' \
-device '{"driver":"virtio-balloon-pci","id":"balloon0","bus":"pci.5","addr":"0x0"}' \
-sandbox on,obsolete=deny,elevateprivileges=deny,spawn=deny,resourcecontrol=deny \
-msg timestamp=on
char device redirected to /dev/pts/0 (label charserial0)
2026-09-27T10:46:19.086583Z qemu-system-x86_64: terminating on signal 15 from pid 103655 (/usr/bin/libvirtd)
2026-09-27 10:46:19.687+0000: shutting down, reason=destroyed
2026-09-27 10:47:05.643+0000: Starting external device: TPM Emulator
/usr/bin/swtpm socket --ctrl type=unixio,path=/run/libvirt/qemu/swtpm/22-win11-siemens-swtpm.sock,mode=0600 --tpmstate dir=/var/lib/libvirt/swtpm/e39af3f0-0d5f-4932-8934-9fe33d19ce86/tpm2,mode=0600,lock --log file=/var/log/swtpm/libvirt/qemu/win11-siemens-swtpm.log --terminate --tpm2
2026-09-27 10:47:05.664+0000: starting up libvirt version: 12.7.0, qemu version: 11.1.1, kernel: 7.2.8-1-cachyos, hostname: cachyos-x8664
LC_ALL=C \
PATH=/usr/local/sbin:/usr/local/bin:/usr/bin \
USER=root \
HOME=/var/lib/libvirt/qemu/domain-22-win11-siemens \
XDG_DATA_HOME=/var/lib/libvirt/qemu/domain-22-win11-siemens/.local/share \
XDG_CACHE_HOME=/var/lib/libvirt/qemu/domain-22-win11-siemens/.cache \
XDG_CONFIG_HOME=/var/lib/libvirt/qemu/domain-22-win11-siemens/.config \
/usr/bin/qemu-system-x86_64 \
-name guest=win11-siemens,debug-threads=on \
-S \
-object '{"qom-type":"secret","id":"masterKey0","format":"raw","file":"/var/lib/libvirt/qemu/domain-22-win11-siemens/master-key.aes"}' \
-blockdev '{"driver":"file","filename":"/usr/share/edk2/x64/OVMF_CODE.secboot.4m.fd","node-name":"libvirt-pflash0-storage","auto-read-only":true,"discard":"unmap"}' \
-blockdev '{"node-name":"libvirt-pflash0-format","read-only":true,"driver":"raw","file":"libvirt-pflash0-storage"}' \
-blockdev '{"driver":"file","filename":"/var/lib/libvirt/qemu/nvram/win11-siemens_VARS.fd","node-name":"libvirt-pflash1-storage","read-only":false}' \
-machine pc-q35-11.1,usb=off,vmport=off,smm=on,dump-guest-core=off,memory-backend=pc.ram,pflash0=libvirt-pflash0-format,pflash1=libvirt-pflash1-storage,hpet=off,acpi=on \
-accel kvm \
-cpu host,migratable=on,hv-time=on,hv-relaxed=on,hv-vapic=on,hv-spinlocks=0x1fff,hv-vpindex=on,hv-runtime=on,hv-synic=on,hv-stimer=on,hv-frequencies=on,hv-tlbflush=on,hv-ipi=on,hv-evmcs=on,hv-avic=on \
-global driver=cfi.pflash01,property=secure,value=on \
-m size=12582912k \
-object '{"qom-type":"memory-backend-ram","id":"pc.ram","size":12884901888}' \
-overcommit mem-lock=off \
-smp 8,sockets=1,dies=1,clusters=1,cores=8,threads=1 \
-uuid e39af3f0-0d5f-4932-8934-9fe33d19ce86 \
-no-user-config \
-nodefaults \
-chardev socket,id=charmonitor,fd=33,server=on,wait=off \
-object '{"qom-type":"monitor-qmp","id":"monitor","chardev":"charmonitor"}' \
-rtc base=localtime,driftfix=slew \
-global kvm-pit.lost_tick_policy=delay \
-no-shutdown \
-global ICH9-LPC.disable_s3=1 \
-global ICH9-LPC.disable_s4=1 \
-boot menu=off,strict=on \
-device '{"driver":"pcie-root-port","port":16,"chassis":1,"id":"pci.1","bus":"pcie.0","multifunction":true,"addr":"0x2"}' \
-device '{"driver":"pcie-root-port","port":17,"chassis":2,"id":"pci.2","bus":"pcie.0","addr":"0x2.0x1"}' \
-device '{"driver":"pcie-root-port","port":18,"chassis":3,"id":"pci.3","bus":"pcie.0","addr":"0x2.0x2"}' \
-device '{"driver":"pcie-root-port","port":19,"chassis":4,"id":"pci.4","bus":"pcie.0","addr":"0x2.0x3"}' \
-device '{"driver":"pcie-root-port","port":20,"chassis":5,"id":"pci.5","bus":"pcie.0","addr":"0x2.0x4"}' \
-device '{"driver":"pcie-root-port","port":21,"chassis":6,"id":"pci.6","bus":"pcie.0","addr":"0x2.0x5"}' \
-device '{"driver":"pcie-root-port","port":22,"chassis":7,"id":"pci.7","bus":"pcie.0","addr":"0x2.0x6"}' \
-device '{"driver":"pcie-root-port","port":23,"chassis":8,"id":"pci.8","bus":"pcie.0","addr":"0x2.0x7"}' \
-device '{"driver":"pcie-root-port","port":24,"chassis":9,"id":"pci.9","bus":"pcie.0","multifunction":true,"addr":"0x3"}' \
-device '{"driver":"pcie-root-port","port":25,"chassis":10,"id":"pci.10","bus":"pcie.0","addr":"0x3.0x1"}' \
-device '{"driver":"pcie-root-port","port":26,"chassis":11,"id":"pci.11","bus":"pcie.0","addr":"0x3.0x2"}' \
-device '{"driver":"pcie-root-port","port":27,"chassis":12,"id":"pci.12","bus":"pcie.0","addr":"0x3.0x3"}' \
-device '{"driver":"pcie-root-port","port":28,"chassis":13,"id":"pci.13","bus":"pcie.0","addr":"0x3.0x4"}' \
-device '{"driver":"pcie-root-port","port":29,"chassis":14,"id":"pci.14","bus":"pcie.0","addr":"0x3.0x5"}' \
-device '{"driver":"qemu-xhci","p2":15,"p3":15,"id":"usb","bus":"pci.3","addr":"0x0"}' \
-device '{"driver":"virtio-scsi-pci","id":"scsi0","bus":"pci.2","addr":"0x0"}' \
-device '{"driver":"virtio-serial-pci","id":"virtio-serial0","bus":"pci.4","addr":"0x0"}' \
-blockdev '{"driver":"host_device","filename":"/dev/zvol/zpcachyos/vms/win11","aio":"io_uring","node-name":"libvirt-4-storage","read-only":false,"discard":"unmap","detect-zeroes":"unmap","cache":{"direct":true,"no-flush":false}}' \
-device '{"driver":"ide-hd","bus":"ide.0","drive":"libvirt-4-storage","id":"sata0-0-0","bootindex":1,"write-cache":"on","serial":"WIN11-E39AF3F00D5F493289349FE33D19CE"}' \
-blockdev '{"driver":"file","filename":"/var/lib/libvirt/boot/Windows11-25H2-Official-Multi-DE.iso","node-name":"libvirt-3-storage","read-only":true}' \
-device '{"driver":"ide-cd","bus":"ide.1","drive":"libvirt-3-storage","id":"sata0-0-1"}' \
-blockdev '{"driver":"file","filename":"/var/lib/libvirt/boot/virtio-win.iso","node-name":"libvirt-2-storage","read-only":true}' \
-device '{"driver":"ide-cd","bus":"ide.2","drive":"libvirt-2-storage","id":"sata0-0-2"}' \
-blockdev '{"driver":"file","filename":"/var/lib/libvirt/boot/win11-siemens-support.iso","node-name":"libvirt-1-storage","read-only":true}' \
-device '{"driver":"ide-cd","bus":"ide.3","drive":"libvirt-1-storage","id":"sata0-0-3"}' \
-netdev '{"type":"tap","fd":"34","vhost":true,"vhostfd":"36","id":"hostnet0"}' \
-device '{"driver":"virtio-net-pci","netdev":"hostnet0","id":"net0","mac":"52:54:00:df:a5:d1","bus":"pci.1","addr":"0x0"}' \
-chardev pty,id=charserial0 \
-device '{"driver":"isa-serial","chardev":"charserial0","id":"serial0","index":0}' \
-chardev spicevmc,id=charchannel0,name=vdagent \
-device '{"driver":"virtserialport","bus":"virtio-serial0.0","nr":1,"chardev":"charchannel0","id":"channel0","name":"com.redhat.spice.0"}' \
-chardev socket,id=chrtpm,path=/run/libvirt/qemu/swtpm/22-win11-siemens-swtpm.sock \
-tpmdev emulator,id=tpm-tpm0,chardev=chrtpm \
-device '{"driver":"tpm-crb","tpmdev":"tpm-tpm0","id":"tpm0"}' \
-device '{"driver":"usb-tablet","id":"input0","bus":"usb.0","port":"1"}' \
-audiodev '{"id":"audio1","driver":"spice"}' \
-spice port=5900,addr=127.0.0.1,disable-ticketing=on,image-compression=off,streaming-video=off,seamless-migration=on \
-device '{"driver":"VGA","id":"video0","vgamem_mb":16,"bus":"pcie.0","addr":"0x1"}' \
-device '{"driver":"ich9-intel-hda","id":"sound0","bus":"pcie.0","addr":"0x1b"}' \
-device '{"driver":"hda-duplex","id":"sound0-codec0","bus":"sound0.0","cad":0,"audiodev":"audio1"}' \
-global ICH9-LPC.noreboot=off \
-watchdog-action reset \
-chardev spicevmc,id=charredir0,name=usbredir \
-device '{"driver":"usb-redir","chardev":"charredir0","id":"redir0","bus":"usb.0","port":"2"}' \
-chardev spicevmc,id=charredir1,name=usbredir \
-device '{"driver":"usb-redir","chardev":"charredir1","id":"redir1","bus":"usb.0","port":"3"}' \
-device '{"driver":"virtio-balloon-pci","id":"balloon0","bus":"pci.5","addr":"0x0"}' \
-sandbox on,obsolete=deny,elevateprivileges=deny,spawn=deny,resourcecontrol=deny \
-msg timestamp=on
char device redirected to /dev/pts/0 (label charserial0)
2026-09-27T10:52:03.830679Z qemu-system-x86_64: terminating on signal 15 from pid 103655 (/usr/bin/libvirtd)
2026-09-27 10:52:04.031+0000: shutting down, reason=destroyed
2026-09-27 10:52:06.018+0000: Starting external device: TPM Emulator
/usr/bin/swtpm socket --ctrl type=unixio,path=/run/libvirt/qemu/swtpm/23-win11-siemens-swtpm.sock,mode=0600 --tpmstate dir=/var/lib/libvirt/swtpm/e39af3f0-0d5f-4932-8934-9fe33d19ce86/tpm2,mode=0600,lock --log file=/var/log/swtpm/libvirt/qemu/win11-siemens-swtpm.log --terminate --tpm2
2026-09-27 10:52:06.035+0000: starting up libvirt version: 12.7.0, qemu version: 11.1.1, kernel: 7.2.8-1-cachyos, hostname: cachyos-x8664
LC_ALL=C \
PATH=/usr/local/sbin:/usr/local/bin:/usr/bin \
USER=root \
HOME=/var/lib/libvirt/qemu/domain-23-win11-siemens \
XDG_DATA_HOME=/var/lib/libvirt/qemu/domain-23-win11-siemens/.local/share \
XDG_CACHE_HOME=/var/lib/libvirt/qemu/domain-23-win11-siemens/.cache \
XDG_CONFIG_HOME=/var/lib/libvirt/qemu/domain-23-win11-siemens/.config \
/usr/bin/qemu-system-x86_64 \
-name guest=win11-siemens,debug-threads=on \
-S \
-object '{"qom-type":"secret","id":"masterKey0","format":"raw","file":"/var/lib/libvirt/qemu/domain-23-win11-siemens/master-key.aes"}' \
-blockdev '{"driver":"file","filename":"/usr/share/edk2/x64/OVMF_CODE.secboot.4m.fd","node-name":"libvirt-pflash0-storage","auto-read-only":true,"discard":"unmap"}' \
-blockdev '{"node-name":"libvirt-pflash0-format","read-only":true,"driver":"raw","file":"libvirt-pflash0-storage"}' \
-blockdev '{"driver":"file","filename":"/var/lib/libvirt/qemu/nvram/win11-siemens_VARS.fd","node-name":"libvirt-pflash1-storage","read-only":false}' \
-machine pc-q35-11.1,usb=off,vmport=off,smm=on,dump-guest-core=off,memory-backend=pc.ram,pflash0=libvirt-pflash0-format,pflash1=libvirt-pflash1-storage,hpet=off,acpi=on \
-accel kvm \
-cpu host,migratable=on,hv-time=on,hv-relaxed=on,hv-vapic=on,hv-spinlocks=0x1fff,hv-vpindex=on,hv-runtime=on,hv-synic=on,hv-stimer=on,hv-frequencies=on,hv-tlbflush=on,hv-ipi=on,hv-evmcs=on,hv-avic=on \
-global driver=cfi.pflash01,property=secure,value=on \
-m size=12582912k \
-object '{"qom-type":"memory-backend-ram","id":"pc.ram","size":12884901888}' \
-overcommit mem-lock=off \
-smp 8,sockets=1,dies=1,clusters=1,cores=8,threads=1 \
-uuid e39af3f0-0d5f-4932-8934-9fe33d19ce86 \
-no-user-config \
-nodefaults \
-chardev socket,id=charmonitor,fd=33,server=on,wait=off \
-object '{"qom-type":"monitor-qmp","id":"monitor","chardev":"charmonitor"}' \
-rtc base=localtime,driftfix=slew \
-global kvm-pit.lost_tick_policy=delay \
-no-shutdown \
-global ICH9-LPC.disable_s3=1 \
-global ICH9-LPC.disable_s4=1 \
-boot menu=off,strict=on \
-device '{"driver":"pcie-root-port","port":16,"chassis":1,"id":"pci.1","bus":"pcie.0","multifunction":true,"addr":"0x2"}' \
-device '{"driver":"pcie-root-port","port":17,"chassis":2,"id":"pci.2","bus":"pcie.0","addr":"0x2.0x1"}' \
-device '{"driver":"pcie-root-port","port":18,"chassis":3,"id":"pci.3","bus":"pcie.0","addr":"0x2.0x2"}' \
-device '{"driver":"pcie-root-port","port":19,"chassis":4,"id":"pci.4","bus":"pcie.0","addr":"0x2.0x3"}' \
-device '{"driver":"pcie-root-port","port":20,"chassis":5,"id":"pci.5","bus":"pcie.0","addr":"0x2.0x4"}' \
-device '{"driver":"pcie-root-port","port":21,"chassis":6,"id":"pci.6","bus":"pcie.0","addr":"0x2.0x5"}' \
-device '{"driver":"pcie-root-port","port":22,"chassis":7,"id":"pci.7","bus":"pcie.0","addr":"0x2.0x6"}' \
-device '{"driver":"pcie-root-port","port":23,"chassis":8,"id":"pci.8","bus":"pcie.0","addr":"0x2.0x7"}' \
-device '{"driver":"pcie-root-port","port":24,"chassis":9,"id":"pci.9","bus":"pcie.0","multifunction":true,"addr":"0x3"}' \
-device '{"driver":"pcie-root-port","port":25,"chassis":10,"id":"pci.10","bus":"pcie.0","addr":"0x3.0x1"}' \
-device '{"driver":"pcie-root-port","port":26,"chassis":11,"id":"pci.11","bus":"pcie.0","addr":"0x3.0x2"}' \
-device '{"driver":"pcie-root-port","port":27,"chassis":12,"id":"pci.12","bus":"pcie.0","addr":"0x3.0x3"}' \
-device '{"driver":"pcie-root-port","port":28,"chassis":13,"id":"pci.13","bus":"pcie.0","addr":"0x3.0x4"}' \
-device '{"driver":"pcie-root-port","port":29,"chassis":14,"id":"pci.14","bus":"pcie.0","addr":"0x3.0x5"}' \
-device '{"driver":"qemu-xhci","p2":15,"p3":15,"id":"usb","bus":"pci.3","addr":"0x0"}' \
-device '{"driver":"virtio-scsi-pci","id":"scsi0","bus":"pci.2","addr":"0x0"}' \
-device '{"driver":"virtio-serial-pci","id":"virtio-serial0","bus":"pci.4","addr":"0x0"}' \
-blockdev '{"driver":"host_device","filename":"/dev/zvol/zpcachyos/vms/win11","aio":"io_uring","node-name":"libvirt-4-storage","read-only":false,"discard":"unmap","detect-zeroes":"unmap","cache":{"direct":true,"no-flush":false}}' \
-device '{"driver":"ide-hd","bus":"ide.0","drive":"libvirt-4-storage","id":"sata0-0-0","bootindex":2,"write-cache":"on","serial":"WIN11-E39AF3F00D5F493289349FE33D19CE"}' \
-blockdev '{"driver":"file","filename":"/var/lib/libvirt/boot/Windows11-25H2-Official-Multi-DE.iso","node-name":"libvirt-3-storage","read-only":true}' \
-device '{"driver":"ide-cd","bus":"ide.1","drive":"libvirt-3-storage","id":"sata0-0-1","bootindex":1}' \
-blockdev '{"driver":"file","filename":"/var/lib/libvirt/boot/virtio-win.iso","node-name":"libvirt-2-storage","read-only":true}' \
-device '{"driver":"ide-cd","bus":"ide.2","drive":"libvirt-2-storage","id":"sata0-0-2"}' \
-blockdev '{"driver":"file","filename":"/var/lib/libvirt/boot/win11-siemens-support.iso","node-name":"libvirt-1-storage","read-only":true}' \
-device '{"driver":"ide-cd","bus":"ide.3","drive":"libvirt-1-storage","id":"sata0-0-3"}' \
-netdev '{"type":"tap","fd":"34","vhost":true,"vhostfd":"36","id":"hostnet0"}' \
-device '{"driver":"virtio-net-pci","netdev":"hostnet0","id":"net0","mac":"52:54:00:df:a5:d1","bus":"pci.1","addr":"0x0"}' \
-chardev pty,id=charserial0 \
-device '{"driver":"isa-serial","chardev":"charserial0","id":"serial0","index":0}' \
-chardev spicevmc,id=charchannel0,name=vdagent \
-device '{"driver":"virtserialport","bus":"virtio-serial0.0","nr":1,"chardev":"charchannel0","id":"channel0","name":"com.redhat.spice.0"}' \
-chardev socket,id=chrtpm,path=/run/libvirt/qemu/swtpm/23-win11-siemens-swtpm.sock \
-tpmdev emulator,id=tpm-tpm0,chardev=chrtpm \
-device '{"driver":"tpm-crb","tpmdev":"tpm-tpm0","id":"tpm0"}' \
-device '{"driver":"usb-tablet","id":"input0","bus":"usb.0","port":"1"}' \
-audiodev '{"id":"audio1","driver":"spice"}' \
-spice port=5900,addr=127.0.0.1,disable-ticketing=on,image-compression=off,streaming-video=off,seamless-migration=on \
-device '{"driver":"VGA","id":"video0","vgamem_mb":16,"bus":"pcie.0","addr":"0x1"}' \
-device '{"driver":"ich9-intel-hda","id":"sound0","bus":"pcie.0","addr":"0x1b"}' \
-device '{"driver":"hda-duplex","id":"sound0-codec0","bus":"sound0.0","cad":0,"audiodev":"audio1"}' \
-global ICH9-LPC.noreboot=off \
-watchdog-action reset \
-chardev spicevmc,id=charredir0,name=usbredir \
-device '{"driver":"usb-redir","chardev":"charredir0","id":"redir0","bus":"usb.0","port":"2"}' \
-chardev spicevmc,id=charredir1,name=usbredir \
-device '{"driver":"usb-redir","chardev":"charredir1","id":"redir1","bus":"usb.0","port":"3"}' \
-device '{"driver":"virtio-balloon-pci","id":"balloon0","bus":"pci.5","addr":"0x0"}' \
-sandbox on,obsolete=deny,elevateprivileges=deny,spawn=deny,resourcecontrol=deny \
-msg timestamp=on
char device redirected to /dev/pts/0 (label charserial0)
2026-09-27 11:00:03.571+0000: Domain id=23 is tainted: custom-monitor
2026-09-27T11:20:47.166007Z qemu-system-x86_64: terminating on signal 15 from pid 103655 (/usr/bin/libvirtd)
2026-09-27 11:20:47.366+0000: shutting down, reason=destroyed
2026-09-27 11:23:31.942+0000: Starting external device: TPM Emulator
/usr/bin/swtpm socket --ctrl type=unixio,path=/run/libvirt/qemu/swtpm/24-win11-siemens-swtpm.sock,mode=0600 --tpmstate dir=/var/lib/libvirt/swtpm/e39af3f0-0d5f-4932-8934-9fe33d19ce86/tpm2,mode=0600,lock --log file=/var/log/swtpm/libvirt/qemu/win11-siemens-swtpm.log --terminate --tpm2
2026-09-27 11:23:31.979+0000: starting up libvirt version: 12.7.0, qemu version: 11.1.1, kernel: 7.2.8-1-cachyos, hostname: cachyos-x8664
LC_ALL=C \
PATH=/usr/local/sbin:/usr/local/bin:/usr/bin \
USER=root \
HOME=/var/lib/libvirt/qemu/domain-24-win11-siemens \
XDG_DATA_HOME=/var/lib/libvirt/qemu/domain-24-win11-siemens/.local/share \
XDG_CACHE_HOME=/var/lib/libvirt/qemu/domain-24-win11-siemens/.cache \
XDG_CONFIG_HOME=/var/lib/libvirt/qemu/domain-24-win11-siemens/.config \
/usr/bin/qemu-system-x86_64 \
-name guest=win11-siemens,debug-threads=on \
-S \
-object '{"qom-type":"secret","id":"masterKey0","format":"raw","file":"/var/lib/libvirt/qemu/domain-24-win11-siemens/master-key.aes"}' \
-blockdev '{"driver":"file","filename":"/usr/share/edk2/x64/OVMF_CODE.secboot.4m.fd","node-name":"libvirt-pflash0-storage","auto-read-only":true,"discard":"unmap"}' \
-blockdev '{"node-name":"libvirt-pflash0-format","read-only":true,"driver":"raw","file":"libvirt-pflash0-storage"}' \
-blockdev '{"driver":"file","filename":"/var/lib/libvirt/qemu/nvram/win11-siemens_VARS.fd","node-name":"libvirt-pflash1-storage","read-only":false}' \
-machine pc-q35-11.1,usb=off,vmport=off,smm=on,dump-guest-core=off,memory-backend=pc.ram,pflash0=libvirt-pflash0-format,pflash1=libvirt-pflash1-storage,hpet=off,acpi=on \
-accel kvm \
-cpu host,migratable=on,hv-time=on,hv-relaxed=on,hv-vapic=on,hv-spinlocks=0x1fff,hv-vpindex=on,hv-runtime=on,hv-synic=on,hv-stimer=on,hv-frequencies=on,hv-tlbflush=on,hv-ipi=on,hv-evmcs=on,hv-avic=on \
-global driver=cfi.pflash01,property=secure,value=on \
-m size=12582912k \
-object '{"qom-type":"memory-backend-ram","id":"pc.ram","size":12884901888}' \
-overcommit mem-lock=off \
-smp 8,sockets=1,dies=1,clusters=1,cores=8,threads=1 \
-uuid e39af3f0-0d5f-4932-8934-9fe33d19ce86 \
-no-user-config \
-nodefaults \
-chardev socket,id=charmonitor,fd=33,server=on,wait=off \
-object '{"qom-type":"monitor-qmp","id":"monitor","chardev":"charmonitor"}' \
-rtc base=localtime,driftfix=slew \
-global kvm-pit.lost_tick_policy=delay \
-no-shutdown \
-global ICH9-LPC.disable_s3=1 \
-global ICH9-LPC.disable_s4=1 \
-boot menu=off,strict=on \
-device '{"driver":"pcie-root-port","port":16,"chassis":1,"id":"pci.1","bus":"pcie.0","multifunction":true,"addr":"0x2"}' \
-device '{"driver":"pcie-root-port","port":17,"chassis":2,"id":"pci.2","bus":"pcie.0","addr":"0x2.0x1"}' \
-device '{"driver":"pcie-root-port","port":18,"chassis":3,"id":"pci.3","bus":"pcie.0","addr":"0x2.0x2"}' \
-device '{"driver":"pcie-root-port","port":19,"chassis":4,"id":"pci.4","bus":"pcie.0","addr":"0x2.0x3"}' \
-device '{"driver":"pcie-root-port","port":20,"chassis":5,"id":"pci.5","bus":"pcie.0","addr":"0x2.0x4"}' \
-device '{"driver":"pcie-root-port","port":21,"chassis":6,"id":"pci.6","bus":"pcie.0","addr":"0x2.0x5"}' \
-device '{"driver":"pcie-root-port","port":22,"chassis":7,"id":"pci.7","bus":"pcie.0","addr":"0x2.0x6"}' \
-device '{"driver":"pcie-root-port","port":23,"chassis":8,"id":"pci.8","bus":"pcie.0","addr":"0x2.0x7"}' \
-device '{"driver":"pcie-root-port","port":24,"chassis":9,"id":"pci.9","bus":"pcie.0","multifunction":true,"addr":"0x3"}' \
-device '{"driver":"pcie-root-port","port":25,"chassis":10,"id":"pci.10","bus":"pcie.0","addr":"0x3.0x1"}' \
-device '{"driver":"pcie-root-port","port":26,"chassis":11,"id":"pci.11","bus":"pcie.0","addr":"0x3.0x2"}' \
-device '{"driver":"pcie-root-port","port":27,"chassis":12,"id":"pci.12","bus":"pcie.0","addr":"0x3.0x3"}' \
-device '{"driver":"pcie-root-port","port":28,"chassis":13,"id":"pci.13","bus":"pcie.0","addr":"0x3.0x4"}' \
-device '{"driver":"pcie-root-port","port":29,"chassis":14,"id":"pci.14","bus":"pcie.0","addr":"0x3.0x5"}' \
-device '{"driver":"qemu-xhci","p2":15,"p3":15,"id":"usb","bus":"pci.3","addr":"0x0"}' \
-device '{"driver":"virtio-scsi-pci","id":"scsi0","bus":"pci.2","addr":"0x0"}' \
-device '{"driver":"virtio-serial-pci","id":"virtio-serial0","bus":"pci.4","addr":"0x0"}' \
-blockdev '{"driver":"host_device","filename":"/dev/zvol/zpcachyos/vms/win11","aio":"io_uring","node-name":"libvirt-4-storage","read-only":false,"discard":"unmap","detect-zeroes":"unmap","cache":{"direct":true,"no-flush":false}}' \
-device '{"driver":"ide-hd","bus":"ide.0","drive":"libvirt-4-storage","id":"sata0-0-0","bootindex":2,"write-cache":"on","serial":"WIN11-E39AF3F00D5F493289349FE33D19CE"}' \
-blockdev '{"driver":"file","filename":"/var/lib/libvirt/boot/Windows11-25H2-Official-Multi-DE.iso","node-name":"libvirt-3-storage","read-only":true}' \
-device '{"driver":"ide-cd","bus":"ide.1","drive":"libvirt-3-storage","id":"sata0-0-1","bootindex":1}' \
-blockdev '{"driver":"file","filename":"/var/lib/libvirt/boot/virtio-win.iso","node-name":"libvirt-2-storage","read-only":true}' \
-device '{"driver":"ide-cd","bus":"ide.2","drive":"libvirt-2-storage","id":"sata0-0-2"}' \
-blockdev '{"driver":"file","filename":"/var/lib/libvirt/boot/win11-siemens-support.iso","node-name":"libvirt-1-storage","read-only":true}' \
-device '{"driver":"ide-cd","bus":"ide.3","drive":"libvirt-1-storage","id":"sata0-0-3"}' \
-netdev '{"type":"tap","fd":"34","vhost":true,"vhostfd":"36","id":"hostnet0"}' \
-device '{"driver":"virtio-net-pci","netdev":"hostnet0","id":"net0","mac":"52:54:00:df:a5:d1","bus":"pci.1","addr":"0x0"}' \
-chardev pty,id=charserial0 \
-device '{"driver":"isa-serial","chardev":"charserial0","id":"serial0","index":0}' \
-chardev spicevmc,id=charchannel0,name=vdagent \
-device '{"driver":"virtserialport","bus":"virtio-serial0.0","nr":1,"chardev":"charchannel0","id":"channel0","name":"com.redhat.spice.0"}' \
-chardev socket,id=chrtpm,path=/run/libvirt/qemu/swtpm/24-win11-siemens-swtpm.sock \
-tpmdev emulator,id=tpm-tpm0,chardev=chrtpm \
-device '{"driver":"tpm-crb","tpmdev":"tpm-tpm0","id":"tpm0"}' \
-device '{"driver":"usb-tablet","id":"input0","bus":"usb.0","port":"1"}' \
-audiodev '{"id":"audio1","driver":"spice"}' \
-spice port=5900,addr=127.0.0.1,disable-ticketing=on,image-compression=off,streaming-video=off,seamless-migration=on \
-device '{"driver":"VGA","id":"video0","vgamem_mb":16,"bus":"pcie.0","addr":"0x1"}' \
-device '{"driver":"ich9-intel-hda","id":"sound0","bus":"pcie.0","addr":"0x1b"}' \
-device '{"driver":"hda-duplex","id":"sound0-codec0","bus":"sound0.0","cad":0,"audiodev":"audio1"}' \
-global ICH9-LPC.noreboot=off \
-watchdog-action reset \
-chardev spicevmc,id=charredir0,name=usbredir \
-device '{"driver":"usb-redir","chardev":"charredir0","id":"redir0","bus":"usb.0","port":"2"}' \
-chardev spicevmc,id=charredir1,name=usbredir \
-device '{"driver":"usb-redir","chardev":"charredir1","id":"redir1","bus":"usb.0","port":"3"}' \
-device '{"driver":"virtio-balloon-pci","id":"balloon0","bus":"pci.5","addr":"0x0"}' \
-sandbox on,obsolete=deny,elevateprivileges=deny,spawn=deny,resourcecontrol=deny \
-msg timestamp=on
char device redirected to /dev/pts/0 (label charserial0)
2026-09-27 11:23:37.250+0000: Domain id=24 is tainted: custom-monitor
2026-09-27T11:35:46.429504Z qemu-system-x86_64: terminating on signal 15 from pid 103655 (/usr/bin/libvirtd)
2026-09-27 11:35:47.124+0000: shutting down, reason=shutdown
2026-09-27 11:35:51.251+0000: Starting external device: TPM Emulator
/usr/bin/swtpm socket --ctrl type=unixio,path=/run/libvirt/qemu/swtpm/25-win11-siemens-swtpm.sock,mode=0600 --tpmstate dir=/var/lib/libvirt/swtpm/e39af3f0-0d5f-4932-8934-9fe33d19ce86/tpm2,mode=0600,lock --log file=/var/log/swtpm/libvirt/qemu/win11-siemens-swtpm.log --terminate --tpm2
2026-09-27 11:35:51.279+0000: starting up libvirt version: 12.7.0, qemu version: 11.1.1, kernel: 7.2.8-1-cachyos, hostname: cachyos-x8664
LC_ALL=C \
PATH=/usr/local/sbin:/usr/local/bin:/usr/bin \
USER=root \
HOME=/var/lib/libvirt/qemu/domain-25-win11-siemens \
XDG_DATA_HOME=/var/lib/libvirt/qemu/domain-25-win11-siemens/.local/share \
XDG_CACHE_HOME=/var/lib/libvirt/qemu/domain-25-win11-siemens/.cache \
XDG_CONFIG_HOME=/var/lib/libvirt/qemu/domain-25-win11-siemens/.config \
/usr/bin/qemu-system-x86_64 \
-name guest=win11-siemens,debug-threads=on \
-S \
-object '{"qom-type":"secret","id":"masterKey0","format":"raw","file":"/var/lib/libvirt/qemu/domain-25-win11-siemens/master-key.aes"}' \
-blockdev '{"driver":"file","filename":"/usr/share/edk2/x64/OVMF_CODE.secboot.4m.fd","node-name":"libvirt-pflash0-storage","auto-read-only":true,"discard":"unmap"}' \
-blockdev '{"node-name":"libvirt-pflash0-format","read-only":true,"driver":"raw","file":"libvirt-pflash0-storage"}' \
-blockdev '{"driver":"file","filename":"/var/lib/libvirt/qemu/nvram/win11-siemens_VARS.fd","node-name":"libvirt-pflash1-storage","read-only":false}' \
-machine pc-q35-11.1,usb=off,vmport=off,smm=on,dump-guest-core=off,memory-backend=pc.ram,pflash0=libvirt-pflash0-format,pflash1=libvirt-pflash1-storage,hpet=off,acpi=on \
-accel kvm \
-cpu host,migratable=on,hv-time=on,hv-relaxed=on,hv-vapic=on,hv-spinlocks=0x1fff,hv-vpindex=on,hv-runtime=on,hv-synic=on,hv-stimer=on,hv-frequencies=on,hv-tlbflush=on,hv-ipi=on,hv-evmcs=on,hv-avic=on \
-global driver=cfi.pflash01,property=secure,value=on \
-m size=12582912k \
-object '{"qom-type":"memory-backend-ram","id":"pc.ram","size":12884901888}' \
-overcommit mem-lock=off \
-smp 8,sockets=1,dies=1,clusters=1,cores=8,threads=1 \
-uuid e39af3f0-0d5f-4932-8934-9fe33d19ce86 \
-no-user-config \
-nodefaults \
-chardev socket,id=charmonitor,fd=33,server=on,wait=off \
-object '{"qom-type":"monitor-qmp","id":"monitor","chardev":"charmonitor"}' \
-rtc base=localtime,driftfix=slew \
-global kvm-pit.lost_tick_policy=delay \
-no-shutdown \
-global ICH9-LPC.disable_s3=1 \
-global ICH9-LPC.disable_s4=1 \
-boot menu=off,strict=on \
-device '{"driver":"pcie-root-port","port":16,"chassis":1,"id":"pci.1","bus":"pcie.0","multifunction":true,"addr":"0x2"}' \
-device '{"driver":"pcie-root-port","port":17,"chassis":2,"id":"pci.2","bus":"pcie.0","addr":"0x2.0x1"}' \
-device '{"driver":"pcie-root-port","port":18,"chassis":3,"id":"pci.3","bus":"pcie.0","addr":"0x2.0x2"}' \
-device '{"driver":"pcie-root-port","port":19,"chassis":4,"id":"pci.4","bus":"pcie.0","addr":"0x2.0x3"}' \
-device '{"driver":"pcie-root-port","port":20,"chassis":5,"id":"pci.5","bus":"pcie.0","addr":"0x2.0x4"}' \
-device '{"driver":"pcie-root-port","port":21,"chassis":6,"id":"pci.6","bus":"pcie.0","addr":"0x2.0x5"}' \
-device '{"driver":"pcie-root-port","port":22,"chassis":7,"id":"pci.7","bus":"pcie.0","addr":"0x2.0x6"}' \
-device '{"driver":"pcie-root-port","port":23,"chassis":8,"id":"pci.8","bus":"pcie.0","addr":"0x2.0x7"}' \
-device '{"driver":"pcie-root-port","port":24,"chassis":9,"id":"pci.9","bus":"pcie.0","multifunction":true,"addr":"0x3"}' \
-device '{"driver":"pcie-root-port","port":25,"chassis":10,"id":"pci.10","bus":"pcie.0","addr":"0x3.0x1"}' \
-device '{"driver":"pcie-root-port","port":26,"chassis":11,"id":"pci.11","bus":"pcie.0","addr":"0x3.0x2"}' \
-device '{"driver":"pcie-root-port","port":27,"chassis":12,"id":"pci.12","bus":"pcie.0","addr":"0x3.0x3"}' \
-device '{"driver":"pcie-root-port","port":28,"chassis":13,"id":"pci.13","bus":"pcie.0","addr":"0x3.0x4"}' \
-device '{"driver":"pcie-root-port","port":29,"chassis":14,"id":"pci.14","bus":"pcie.0","addr":"0x3.0x5"}' \
-device '{"driver":"qemu-xhci","p2":15,"p3":15,"id":"usb","bus":"pci.3","addr":"0x0"}' \
-device '{"driver":"virtio-scsi-pci","id":"scsi0","bus":"pci.2","addr":"0x0"}' \
-device '{"driver":"virtio-serial-pci","id":"virtio-serial0","bus":"pci.4","addr":"0x0"}' \
-blockdev '{"driver":"host_device","filename":"/dev/zvol/zpcachyos/vms/win11","aio":"io_uring","node-name":"libvirt-4-storage","read-only":false,"discard":"unmap","detect-zeroes":"unmap","cache":{"direct":true,"no-flush":false}}' \
-device '{"driver":"ide-hd","bus":"ide.0","drive":"libvirt-4-storage","id":"sata0-0-0","bootindex":2,"write-cache":"on","serial":"WIN11-E39AF3F00D5F493289349FE33D19CE"}' \
-blockdev '{"driver":"file","filename":"/var/lib/libvirt/boot/Windows11-25H2-Official-Multi-DE.iso","node-name":"libvirt-3-storage","read-only":true}' \
-device '{"driver":"ide-cd","bus":"ide.1","drive":"libvirt-3-storage","id":"sata0-0-1","bootindex":1}' \
-blockdev '{"driver":"file","filename":"/var/lib/libvirt/boot/virtio-win.iso","node-name":"libvirt-2-storage","read-only":true}' \
-device '{"driver":"ide-cd","bus":"ide.2","drive":"libvirt-2-storage","id":"sata0-0-2"}' \
-blockdev '{"driver":"file","filename":"/var/lib/libvirt/boot/win11-siemens-support.iso","node-name":"libvirt-1-storage","read-only":true}' \
-device '{"driver":"ide-cd","bus":"ide.3","drive":"libvirt-1-storage","id":"sata0-0-3"}' \
-netdev '{"type":"tap","fd":"34","id":"hostnet0"}' \
-device '{"driver":"e1000e","netdev":"hostnet0","id":"net0","mac":"52:54:00:df:a5:d1","bus":"pci.1","addr":"0x0"}' \
-chardev pty,id=charserial0 \
-device '{"driver":"isa-serial","chardev":"charserial0","id":"serial0","index":0}' \
-chardev spicevmc,id=charchannel0,name=vdagent \
-device '{"driver":"virtserialport","bus":"virtio-serial0.0","nr":1,"chardev":"charchannel0","id":"channel0","name":"com.redhat.spice.0"}' \
-chardev socket,id=chrtpm,path=/run/libvirt/qemu/swtpm/25-win11-siemens-swtpm.sock \
-tpmdev emulator,id=tpm-tpm0,chardev=chrtpm \
-device '{"driver":"tpm-crb","tpmdev":"tpm-tpm0","id":"tpm0"}' \
-device '{"driver":"usb-tablet","id":"input0","bus":"usb.0","port":"1"}' \
-audiodev '{"id":"audio1","driver":"spice"}' \
-spice port=5900,addr=127.0.0.1,disable-ticketing=on,image-compression=off,streaming-video=off,seamless-migration=on \
-device '{"driver":"VGA","id":"video0","vgamem_mb":16,"bus":"pcie.0","addr":"0x1"}' \
-device '{"driver":"ich9-intel-hda","id":"sound0","bus":"pcie.0","addr":"0x1b"}' \
-device '{"driver":"hda-duplex","id":"sound0-codec0","bus":"sound0.0","cad":0,"audiodev":"audio1"}' \
-global ICH9-LPC.noreboot=off \
-watchdog-action reset \
-chardev spicevmc,id=charredir0,name=usbredir \
-device '{"driver":"usb-redir","chardev":"charredir0","id":"redir0","bus":"usb.0","port":"2"}' \
-chardev spicevmc,id=charredir1,name=usbredir \
-device '{"driver":"usb-redir","chardev":"charredir1","id":"redir1","bus":"usb.0","port":"3"}' \
-device '{"driver":"virtio-balloon-pci","id":"balloon0","bus":"pci.5","addr":"0x0"}' \
-sandbox on,obsolete=deny,elevateprivileges=deny,spawn=deny,resourcecontrol=deny \
-msg timestamp=on
char device redirected to /dev/pts/0 (label charserial0)
2026-09-27 11:35:56.490+0000: Domain id=25 is tainted: custom-monitor
2026-09-27T13:53:18.811488Z qemu-system-x86_64: terminating on signal 15 from pid 103655 (/usr/bin/libvirtd)
2026-09-27 13:53:19.236+0000: shutting down, reason=shutdown
2026-09-27 14:15:56.039+0000: Starting external device: TPM Emulator
/usr/bin/swtpm socket --ctrl type=unixio,path=/run/libvirt/qemu/swtpm/26-win11-siemens-swtpm.sock,mode=0600 --tpmstate dir=/var/lib/libvirt/swtpm/e39af3f0-0d5f-4932-8934-9fe33d19ce86/tpm2,mode=0600,lock --log file=/var/log/swtpm/libvirt/qemu/win11-siemens-swtpm.log --terminate --tpm2
2026-09-27 14:15:56.054+0000: starting up libvirt version: 12.7.0, qemu version: 11.1.1, kernel: 7.2.8-1-cachyos, hostname: cachyos-x8664
LC_ALL=C \
PATH=/usr/local/sbin:/usr/local/bin:/usr/bin \
USER=root \
HOME=/var/lib/libvirt/qemu/domain-26-win11-siemens \
XDG_DATA_HOME=/var/lib/libvirt/qemu/domain-26-win11-siemens/.local/share \
XDG_CACHE_HOME=/var/lib/libvirt/qemu/domain-26-win11-siemens/.cache \
XDG_CONFIG_HOME=/var/lib/libvirt/qemu/domain-26-win11-siemens/.config \
/usr/bin/qemu-system-x86_64 \
-name guest=win11-siemens,debug-threads=on \
-S \
-object '{"qom-type":"secret","id":"masterKey0","format":"raw","file":"/var/lib/libvirt/qemu/domain-26-win11-siemens/master-key.aes"}' \
-blockdev '{"driver":"file","filename":"/usr/share/edk2/x64/OVMF_CODE.secboot.4m.fd","node-name":"libvirt-pflash0-storage","auto-read-only":true,"discard":"unmap"}' \
-blockdev '{"node-name":"libvirt-pflash0-format","read-only":true,"driver":"raw","file":"libvirt-pflash0-storage"}' \
-blockdev '{"driver":"file","filename":"/var/lib/libvirt/qemu/nvram/win11-siemens_VARS.fd","node-name":"libvirt-pflash1-storage","read-only":false}' \
-machine pc-q35-11.1,usb=off,vmport=off,smm=on,dump-guest-core=off,memory-backend=pc.ram,pflash0=libvirt-pflash0-format,pflash1=libvirt-pflash1-storage,hpet=off,acpi=on \
-accel kvm \
-cpu host,migratable=on,hv-time=on,hv-relaxed=on,hv-vapic=on,hv-spinlocks=0x1fff,hv-vpindex=on,hv-runtime=on,hv-synic=on,hv-stimer=on,hv-frequencies=on,hv-tlbflush=on,hv-ipi=on,hv-evmcs=on,hv-avic=on \
-global driver=cfi.pflash01,property=secure,value=on \
-m size=16777216k \
-object '{"qom-type":"memory-backend-file","id":"pc.ram","mem-path":"/dev/hugepages/libvirt/qemu/26-win11-siemens","x-use-canonical-path-for-ramblock-id":false,"prealloc":true,"size":17179869184}' \
-overcommit mem-lock=off \
-smp 8,sockets=1,dies=1,clusters=1,cores=8,threads=1 \
-uuid e39af3f0-0d5f-4932-8934-9fe33d19ce86 \
-no-user-config \
-nodefaults \
-chardev socket,id=charmonitor,fd=33,server=on,wait=off \
-object '{"qom-type":"monitor-qmp","id":"monitor","chardev":"charmonitor"}' \
-rtc base=localtime,driftfix=slew \
-global kvm-pit.lost_tick_policy=delay \
-no-shutdown \
-global ICH9-LPC.disable_s3=1 \
-global ICH9-LPC.disable_s4=1 \
-boot menu=off,strict=on \
-device '{"driver":"pcie-root-port","port":16,"chassis":1,"id":"pci.1","bus":"pcie.0","multifunction":true,"addr":"0x2"}' \
-device '{"driver":"pcie-root-port","port":17,"chassis":2,"id":"pci.2","bus":"pcie.0","addr":"0x2.0x1"}' \
-device '{"driver":"pcie-root-port","port":18,"chassis":3,"id":"pci.3","bus":"pcie.0","addr":"0x2.0x2"}' \
-device '{"driver":"pcie-root-port","port":19,"chassis":4,"id":"pci.4","bus":"pcie.0","addr":"0x2.0x3"}' \
-device '{"driver":"pcie-root-port","port":20,"chassis":5,"id":"pci.5","bus":"pcie.0","addr":"0x2.0x4"}' \
-device '{"driver":"pcie-root-port","port":21,"chassis":6,"id":"pci.6","bus":"pcie.0","addr":"0x2.0x5"}' \
-device '{"driver":"pcie-root-port","port":22,"chassis":7,"id":"pci.7","bus":"pcie.0","addr":"0x2.0x6"}' \
-device '{"driver":"pcie-root-port","port":23,"chassis":8,"id":"pci.8","bus":"pcie.0","addr":"0x2.0x7"}' \
-device '{"driver":"pcie-root-port","port":24,"chassis":9,"id":"pci.9","bus":"pcie.0","multifunction":true,"addr":"0x3"}' \
-device '{"driver":"pcie-root-port","port":25,"chassis":10,"id":"pci.10","bus":"pcie.0","addr":"0x3.0x1"}' \
-device '{"driver":"pcie-root-port","port":26,"chassis":11,"id":"pci.11","bus":"pcie.0","addr":"0x3.0x2"}' \
-device '{"driver":"pcie-root-port","port":27,"chassis":12,"id":"pci.12","bus":"pcie.0","addr":"0x3.0x3"}' \
-device '{"driver":"pcie-root-port","port":28,"chassis":13,"id":"pci.13","bus":"pcie.0","addr":"0x3.0x4"}' \
-device '{"driver":"pcie-root-port","port":29,"chassis":14,"id":"pci.14","bus":"pcie.0","addr":"0x3.0x5"}' \
-device '{"driver":"qemu-xhci","p2":15,"p3":15,"id":"usb","bus":"pci.3","addr":"0x0"}' \
-device '{"driver":"virtio-scsi-pci","id":"scsi0","bus":"pci.2","addr":"0x0"}' \
-device '{"driver":"virtio-serial-pci","id":"virtio-serial0","bus":"pci.4","addr":"0x0"}' \
-blockdev '{"driver":"host_device","filename":"/dev/zvol/zpcachyos/vms/win11","aio":"io_uring","node-name":"libvirt-4-storage","read-only":false,"discard":"unmap","detect-zeroes":"unmap","cache":{"direct":true,"no-flush":false}}' \
-device '{"driver":"ide-hd","bus":"ide.0","drive":"libvirt-4-storage","id":"sata0-0-0","bootindex":2,"write-cache":"on","serial":"WIN11-E39AF3F00D5F493289349FE33D19CE"}' \
-blockdev '{"driver":"file","filename":"/var/lib/libvirt/boot/Windows11-25H2-Official-Multi-DE.iso","node-name":"libvirt-3-storage","read-only":true}' \
-device '{"driver":"ide-cd","bus":"ide.1","drive":"libvirt-3-storage","id":"sata0-0-1","bootindex":1}' \
-blockdev '{"driver":"file","filename":"/var/lib/libvirt/boot/virtio-win.iso","node-name":"libvirt-2-storage","read-only":true}' \
-device '{"driver":"ide-cd","bus":"ide.2","drive":"libvirt-2-storage","id":"sata0-0-2"}' \
-blockdev '{"driver":"file","filename":"/var/lib/libvirt/boot/win11-siemens-support.iso","node-name":"libvirt-1-storage","read-only":true}' \
-device '{"driver":"ide-cd","bus":"ide.3","drive":"libvirt-1-storage","id":"sata0-0-3"}' \
-netdev '{"type":"tap","fd":"34","id":"hostnet0"}' \
-device '{"driver":"e1000e","netdev":"hostnet0","id":"net0","mac":"52:54:00:df:a5:d1","bus":"pci.1","addr":"0x0"}' \
-chardev pty,id=charserial0 \
-device '{"driver":"isa-serial","chardev":"charserial0","id":"serial0","index":0}' \
-chardev spicevmc,id=charchannel0,name=vdagent \
-device '{"driver":"virtserialport","bus":"virtio-serial0.0","nr":1,"chardev":"charchannel0","id":"channel0","name":"com.redhat.spice.0"}' \
-chardev socket,id=chrtpm,path=/run/libvirt/qemu/swtpm/26-win11-siemens-swtpm.sock \
-tpmdev emulator,id=tpm-tpm0,chardev=chrtpm \
-device '{"driver":"tpm-crb","tpmdev":"tpm-tpm0","id":"tpm0"}' \
-device '{"driver":"usb-tablet","id":"input0","bus":"usb.0","port":"1"}' \
-audiodev '{"id":"audio1","driver":"spice"}' \
-spice port=5900,addr=127.0.0.1,disable-ticketing=on,image-compression=off,streaming-video=off,seamless-migration=on \
-device '{"driver":"VGA","id":"video0","vgamem_mb":16,"bus":"pcie.0","addr":"0x1"}' \
-device '{"driver":"ich9-intel-hda","id":"sound0","bus":"pcie.0","addr":"0x1b"}' \
-device '{"driver":"hda-duplex","id":"sound0-codec0","bus":"sound0.0","cad":0,"audiodev":"audio1"}' \
-global ICH9-LPC.noreboot=off \
-watchdog-action reset \
-chardev spicevmc,id=charredir0,name=usbredir \
-device '{"driver":"usb-redir","chardev":"charredir0","id":"redir0","bus":"usb.0","port":"2"}' \
-chardev spicevmc,id=charredir1,name=usbredir \
-device '{"driver":"usb-redir","chardev":"charredir1","id":"redir1","bus":"usb.0","port":"3"}' \
-device '{"driver":"virtio-balloon-pci","id":"balloon0","bus":"pci.5","addr":"0x0"}' \
-sandbox on,obsolete=deny,elevateprivileges=deny,spawn=deny,resourcecontrol=deny \
-msg timestamp=on
char device redirected to /dev/pts/0 (label charserial0)
2026-09-27T14:15:56.108007Z qemu-system-x86_64: unable to map backing store for guest RAM: Cannot allocate memory
2026-09-27 14:15:56.126+0000: shutting down, reason=failed
2026-09-27 14:17:10.016+0000: Starting external device: TPM Emulator
/usr/bin/swtpm socket --ctrl type=unixio,path=/run/libvirt/qemu/swtpm/27-win11-siemens-swtpm.sock,mode=0600 --tpmstate dir=/var/lib/libvirt/swtpm/e39af3f0-0d5f-4932-8934-9fe33d19ce86/tpm2,mode=0600,lock --log file=/var/log/swtpm/libvirt/qemu/win11-siemens-swtpm.log --terminate --tpm2
2026-09-27 14:17:10.030+0000: starting up libvirt version: 12.7.0, qemu version: 11.1.1, kernel: 7.2.8-1-cachyos, hostname: cachyos-x8664
LC_ALL=C \
PATH=/usr/local/sbin:/usr/local/bin:/usr/bin \
USER=root \
HOME=/var/lib/libvirt/qemu/domain-27-win11-siemens \
XDG_DATA_HOME=/var/lib/libvirt/qemu/domain-27-win11-siemens/.local/share \
XDG_CACHE_HOME=/var/lib/libvirt/qemu/domain-27-win11-siemens/.cache \
XDG_CONFIG_HOME=/var/lib/libvirt/qemu/domain-27-win11-siemens/.config \
/usr/bin/qemu-system-x86_64 \
-name guest=win11-siemens,debug-threads=on \
-S \
-object '{"qom-type":"secret","id":"masterKey0","format":"raw","file":"/var/lib/libvirt/qemu/domain-27-win11-siemens/master-key.aes"}' \
-blockdev '{"driver":"file","filename":"/usr/share/edk2/x64/OVMF_CODE.secboot.4m.fd","node-name":"libvirt-pflash0-storage","auto-read-only":true,"discard":"unmap"}' \
-blockdev '{"node-name":"libvirt-pflash0-format","read-only":true,"driver":"raw","file":"libvirt-pflash0-storage"}' \
-blockdev '{"driver":"file","filename":"/var/lib/libvirt/qemu/nvram/win11-siemens_VARS.fd","node-name":"libvirt-pflash1-storage","read-only":false}' \
-machine pc-q35-11.1,usb=off,vmport=off,smm=on,dump-guest-core=off,memory-backend=pc.ram,pflash0=libvirt-pflash0-format,pflash1=libvirt-pflash1-storage,hpet=off,acpi=on \
-accel kvm \
-cpu host,migratable=on,hv-time=on,hv-relaxed=on,hv-vapic=on,hv-spinlocks=0x1fff,hv-vpindex=on,hv-runtime=on,hv-synic=on,hv-stimer=on,hv-frequencies=on,hv-tlbflush=on,hv-ipi=on,hv-evmcs=on,hv-avic=on \
-global driver=cfi.pflash01,property=secure,value=on \
-m size=16777216k \
-object '{"qom-type":"memory-backend-ram","id":"pc.ram","size":17179869184}' \
-overcommit mem-lock=off \
-smp 8,sockets=1,dies=1,clusters=1,cores=8,threads=1 \
-uuid e39af3f0-0d5f-4932-8934-9fe33d19ce86 \
-no-user-config \
-nodefaults \
-chardev socket,id=charmonitor,fd=33,server=on,wait=off \
-object '{"qom-type":"monitor-qmp","id":"monitor","chardev":"charmonitor"}' \
-rtc base=localtime,driftfix=slew \
-global kvm-pit.lost_tick_policy=delay \
-no-shutdown \
-global ICH9-LPC.disable_s3=1 \
-global ICH9-LPC.disable_s4=1 \
-boot menu=off,strict=on \
-device '{"driver":"pcie-root-port","port":16,"chassis":1,"id":"pci.1","bus":"pcie.0","multifunction":true,"addr":"0x2"}' \
-device '{"driver":"pcie-root-port","port":17,"chassis":2,"id":"pci.2","bus":"pcie.0","addr":"0x2.0x1"}' \
-device '{"driver":"pcie-root-port","port":18,"chassis":3,"id":"pci.3","bus":"pcie.0","addr":"0x2.0x2"}' \
-device '{"driver":"pcie-root-port","port":19,"chassis":4,"id":"pci.4","bus":"pcie.0","addr":"0x2.0x3"}' \
-device '{"driver":"pcie-root-port","port":20,"chassis":5,"id":"pci.5","bus":"pcie.0","addr":"0x2.0x4"}' \
-device '{"driver":"pcie-root-port","port":21,"chassis":6,"id":"pci.6","bus":"pcie.0","addr":"0x2.0x5"}' \
-device '{"driver":"pcie-root-port","port":22,"chassis":7,"id":"pci.7","bus":"pcie.0","addr":"0x2.0x6"}' \
-device '{"driver":"pcie-root-port","port":23,"chassis":8,"id":"pci.8","bus":"pcie.0","addr":"0x2.0x7"}' \
-device '{"driver":"pcie-root-port","port":24,"chassis":9,"id":"pci.9","bus":"pcie.0","multifunction":true,"addr":"0x3"}' \
-device '{"driver":"pcie-root-port","port":25,"chassis":10,"id":"pci.10","bus":"pcie.0","addr":"0x3.0x1"}' \
-device '{"driver":"pcie-root-port","port":26,"chassis":11,"id":"pci.11","bus":"pcie.0","addr":"0x3.0x2"}' \
-device '{"driver":"pcie-root-port","port":27,"chassis":12,"id":"pci.12","bus":"pcie.0","addr":"0x3.0x3"}' \
-device '{"driver":"pcie-root-port","port":28,"chassis":13,"id":"pci.13","bus":"pcie.0","addr":"0x3.0x4"}' \
-device '{"driver":"pcie-root-port","port":29,"chassis":14,"id":"pci.14","bus":"pcie.0","addr":"0x3.0x5"}' \
-device '{"driver":"qemu-xhci","p2":15,"p3":15,"id":"usb","bus":"pci.3","addr":"0x0"}' \
-device '{"driver":"virtio-scsi-pci","id":"scsi0","bus":"pci.2","addr":"0x0"}' \
-device '{"driver":"virtio-serial-pci","id":"virtio-serial0","bus":"pci.4","addr":"0x0"}' \
-blockdev '{"driver":"host_device","filename":"/dev/zvol/zpcachyos/vms/win11","aio":"io_uring","node-name":"libvirt-4-storage","read-only":false,"discard":"unmap","detect-zeroes":"unmap","cache":{"direct":true,"no-flush":false}}' \
-device '{"driver":"ide-hd","bus":"ide.0","drive":"libvirt-4-storage","id":"sata0-0-0","bootindex":2,"write-cache":"on","serial":"WIN11-E39AF3F00D5F493289349FE33D19CE"}' \
-blockdev '{"driver":"file","filename":"/var/lib/libvirt/boot/Windows11-25H2-Official-Multi-DE.iso","node-name":"libvirt-3-storage","read-only":true}' \
-device '{"driver":"ide-cd","bus":"ide.1","drive":"libvirt-3-storage","id":"sata0-0-1","bootindex":1}' \
-blockdev '{"driver":"file","filename":"/var/lib/libvirt/boot/virtio-win.iso","node-name":"libvirt-2-storage","read-only":true}' \
-device '{"driver":"ide-cd","bus":"ide.2","drive":"libvirt-2-storage","id":"sata0-0-2"}' \
-blockdev '{"driver":"file","filename":"/var/lib/libvirt/boot/win11-siemens-support.iso","node-name":"libvirt-1-storage","read-only":true}' \
-device '{"driver":"ide-cd","bus":"ide.3","drive":"libvirt-1-storage","id":"sata0-0-3"}' \
-netdev '{"type":"tap","fd":"34","id":"hostnet0"}' \
-device '{"driver":"e1000e","netdev":"hostnet0","id":"net0","mac":"52:54:00:df:a5:d1","bus":"pci.1","addr":"0x0"}' \
-chardev pty,id=charserial0 \
-device '{"driver":"isa-serial","chardev":"charserial0","id":"serial0","index":0}' \
-chardev spicevmc,id=charchannel0,name=vdagent \
-device '{"driver":"virtserialport","bus":"virtio-serial0.0","nr":1,"chardev":"charchannel0","id":"channel0","name":"com.redhat.spice.0"}' \
-chardev socket,id=chrtpm,path=/run/libvirt/qemu/swtpm/27-win11-siemens-swtpm.sock \
-tpmdev emulator,id=tpm-tpm0,chardev=chrtpm \
-device '{"driver":"tpm-crb","tpmdev":"tpm-tpm0","id":"tpm0"}' \
-device '{"driver":"usb-tablet","id":"input0","bus":"usb.0","port":"1"}' \
-audiodev '{"id":"audio1","driver":"spice"}' \
-spice port=5900,addr=127.0.0.1,disable-ticketing=on,image-compression=off,streaming-video=off,seamless-migration=on \
-device '{"driver":"VGA","id":"video0","vgamem_mb":16,"bus":"pcie.0","addr":"0x1"}' \
-device '{"driver":"ich9-intel-hda","id":"sound0","bus":"pcie.0","addr":"0x1b"}' \
-device '{"driver":"hda-duplex","id":"sound0-codec0","bus":"sound0.0","cad":0,"audiodev":"audio1"}' \
-global ICH9-LPC.noreboot=off \
-watchdog-action reset \
-chardev spicevmc,id=charredir0,name=usbredir \
-device '{"driver":"usb-redir","chardev":"charredir0","id":"redir0","bus":"usb.0","port":"2"}' \
-chardev spicevmc,id=charredir1,name=usbredir \
-device '{"driver":"usb-redir","chardev":"charredir1","id":"redir1","bus":"usb.0","port":"3"}' \
-device '{"driver":"virtio-balloon-pci","id":"balloon0","bus":"pci.5","addr":"0x0"}' \
-sandbox on,obsolete=deny,elevateprivileges=deny,spawn=deny,resourcecontrol=deny \
-msg timestamp=on
char device redirected to /dev/pts/0 (label charserial0)
2026-09-27 14:17:15.201+0000: Domain id=27 is tainted: custom-monitor
2026-09-27T18:35:32.189079Z qemu-system-x86_64: terminating on signal 15 from pid 103655 (/usr/bin/libvirtd)
2026-09-27 18:35:32.789+0000: shutting down, reason=destroyed
2026-09-27 18:39:26.474+0000: Starting external device: TPM Emulator
/usr/bin/swtpm socket --ctrl type=unixio,path=/run/libvirt/qemu/swtpm/28-win11-siemens-swtpm.sock,mode=0600 --tpmstate dir=/var/lib/libvirt/swtpm/e39af3f0-0d5f-4932-8934-9fe33d19ce86/tpm2,mode=0600,lock --log file=/var/log/swtpm/libvirt/qemu/win11-siemens-swtpm.log --terminate --tpm2
2026-09-27 18:39:26.498+0000: starting up libvirt version: 12.7.0, qemu version: 11.1.1, kernel: 7.2.8-1-cachyos, hostname: cachyos-x8664
LC_ALL=C \
PATH=/usr/local/sbin:/usr/local/bin:/usr/bin \
USER=root \
HOME=/var/lib/libvirt/qemu/domain-28-win11-siemens \
XDG_DATA_HOME=/var/lib/libvirt/qemu/domain-28-win11-siemens/.local/share \
XDG_CACHE_HOME=/var/lib/libvirt/qemu/domain-28-win11-siemens/.cache \
XDG_CONFIG_HOME=/var/lib/libvirt/qemu/domain-28-win11-siemens/.config \
/usr/bin/qemu-system-x86_64 \
-name guest=win11-siemens,debug-threads=on \
-S \
-object '{"qom-type":"secret","id":"masterKey0","format":"raw","file":"/var/lib/libvirt/qemu/domain-28-win11-siemens/master-key.aes"}' \
-blockdev '{"driver":"file","filename":"/usr/share/edk2/x64/OVMF_CODE.secboot.4m.fd","node-name":"libvirt-pflash0-storage","auto-read-only":true,"discard":"unmap"}' \
-blockdev '{"node-name":"libvirt-pflash0-format","read-only":true,"driver":"raw","file":"libvirt-pflash0-storage"}' \
-blockdev '{"driver":"file","filename":"/var/lib/libvirt/qemu/nvram/win11-siemens_VARS.fd","node-name":"libvirt-pflash1-storage","read-only":false}' \
-machine pc-q35-11.1,usb=off,vmport=off,smm=on,dump-guest-core=off,memory-backend=pc.ram,pflash0=libvirt-pflash0-format,pflash1=libvirt-pflash1-storage,hpet=off,acpi=on \
-accel kvm \
-cpu host,migratable=on,hv-time=on,hv-relaxed=on,hv-vapic=on,hv-spinlocks=0x1fff,hv-vpindex=on,hv-runtime=on,hv-synic=on,hv-stimer=on,hv-frequencies=on,hv-tlbflush=on,hv-ipi=on,hv-evmcs=on,hv-avic=on \
-global driver=cfi.pflash01,property=secure,value=on \
-m size=16777216k \
-object '{"qom-type":"memory-backend-ram","id":"pc.ram","size":17179869184}' \
-overcommit mem-lock=off \
-smp 8,sockets=1,dies=1,clusters=1,cores=8,threads=1 \
-uuid e39af3f0-0d5f-4932-8934-9fe33d19ce86 \
-no-user-config \
-nodefaults \
-chardev socket,id=charmonitor,fd=33,server=on,wait=off \
-object '{"qom-type":"monitor-qmp","id":"monitor","chardev":"charmonitor"}' \
-rtc base=localtime,driftfix=slew \
-global kvm-pit.lost_tick_policy=delay \
-no-shutdown \
-global ICH9-LPC.disable_s3=1 \
-global ICH9-LPC.disable_s4=1 \
-boot menu=off,strict=on \
-device '{"driver":"pcie-root-port","port":16,"chassis":1,"id":"pci.1","bus":"pcie.0","multifunction":true,"addr":"0x2"}' \
-device '{"driver":"pcie-root-port","port":17,"chassis":2,"id":"pci.2","bus":"pcie.0","addr":"0x2.0x1"}' \
-device '{"driver":"pcie-root-port","port":18,"chassis":3,"id":"pci.3","bus":"pcie.0","addr":"0x2.0x2"}' \
-device '{"driver":"pcie-root-port","port":19,"chassis":4,"id":"pci.4","bus":"pcie.0","addr":"0x2.0x3"}' \
-device '{"driver":"pcie-root-port","port":20,"chassis":5,"id":"pci.5","bus":"pcie.0","addr":"0x2.0x4"}' \
-device '{"driver":"pcie-root-port","port":21,"chassis":6,"id":"pci.6","bus":"pcie.0","addr":"0x2.0x5"}' \
-device '{"driver":"pcie-root-port","port":22,"chassis":7,"id":"pci.7","bus":"pcie.0","addr":"0x2.0x6"}' \
-device '{"driver":"pcie-root-port","port":23,"chassis":8,"id":"pci.8","bus":"pcie.0","addr":"0x2.0x7"}' \
-device '{"driver":"pcie-root-port","port":24,"chassis":9,"id":"pci.9","bus":"pcie.0","multifunction":true,"addr":"0x3"}' \
-device '{"driver":"pcie-root-port","port":25,"chassis":10,"id":"pci.10","bus":"pcie.0","addr":"0x3.0x1"}' \
-device '{"driver":"pcie-root-port","port":26,"chassis":11,"id":"pci.11","bus":"pcie.0","addr":"0x3.0x2"}' \
-device '{"driver":"pcie-root-port","port":27,"chassis":12,"id":"pci.12","bus":"pcie.0","addr":"0x3.0x3"}' \
-device '{"driver":"pcie-root-port","port":28,"chassis":13,"id":"pci.13","bus":"pcie.0","addr":"0x3.0x4"}' \
-device '{"driver":"pcie-root-port","port":29,"chassis":14,"id":"pci.14","bus":"pcie.0","addr":"0x3.0x5"}' \
-device '{"driver":"qemu-xhci","p2":15,"p3":15,"id":"usb","bus":"pci.3","addr":"0x0"}' \
-device '{"driver":"virtio-scsi-pci","id":"scsi0","bus":"pci.2","addr":"0x0"}' \
-device '{"driver":"virtio-serial-pci","id":"virtio-serial0","bus":"pci.4","addr":"0x0"}' \
-blockdev '{"driver":"host_device","filename":"/dev/zvol/zpcachyos/vms/win11","aio":"io_uring","node-name":"libvirt-4-storage","read-only":false,"discard":"unmap","detect-zeroes":"unmap","cache":{"direct":true,"no-flush":false}}' \
-device '{"driver":"ide-hd","bus":"ide.0","drive":"libvirt-4-storage","id":"sata0-0-0","bootindex":2,"write-cache":"on","serial":"WIN11-E39AF3F00D5F493289349FE33D19CE"}' \
-blockdev '{"driver":"file","filename":"/var/lib/libvirt/boot/Windows11-25H2-Official-Multi-DE.iso","node-name":"libvirt-3-storage","read-only":true}' \
-device '{"driver":"ide-cd","bus":"ide.1","drive":"libvirt-3-storage","id":"sata0-0-1","bootindex":1}' \
-blockdev '{"driver":"file","filename":"/var/lib/libvirt/boot/virtio-win.iso","node-name":"libvirt-2-storage","read-only":true}' \
-device '{"driver":"ide-cd","bus":"ide.2","drive":"libvirt-2-storage","id":"sata0-0-2"}' \
-blockdev '{"driver":"file","filename":"/var/lib/libvirt/boot/win11-siemens-support.iso","node-name":"libvirt-1-storage","read-only":true}' \
-device '{"driver":"ide-cd","bus":"ide.3","drive":"libvirt-1-storage","id":"sata0-0-3"}' \
-netdev '{"type":"tap","fd":"34","id":"hostnet0"}' \
-device '{"driver":"e1000e","netdev":"hostnet0","id":"net0","mac":"52:54:00:df:a5:d1","bus":"pci.1","addr":"0x0"}' \
-chardev pty,id=charserial0 \
-device '{"driver":"isa-serial","chardev":"charserial0","id":"serial0","index":0}' \
-chardev spicevmc,id=charchannel0,name=vdagent \
-device '{"driver":"virtserialport","bus":"virtio-serial0.0","nr":1,"chardev":"charchannel0","id":"channel0","name":"com.redhat.spice.0"}' \
-chardev socket,id=chrtpm,path=/run/libvirt/qemu/swtpm/28-win11-siemens-swtpm.sock \
-tpmdev emulator,id=tpm-tpm0,chardev=chrtpm \
-device '{"driver":"tpm-crb","tpmdev":"tpm-tpm0","id":"tpm0"}' \
-device '{"driver":"usb-tablet","id":"input0","bus":"usb.0","port":"1"}' \
-audiodev '{"id":"audio1","driver":"spice"}' \
-spice port=5900,addr=127.0.0.1,disable-ticketing=on,image-compression=off,streaming-video=off,seamless-migration=on \
-device '{"driver":"VGA","id":"video0","vgamem_mb":16,"bus":"pcie.0","addr":"0x1"}' \
-device '{"driver":"ich9-intel-hda","id":"sound0","bus":"pcie.0","addr":"0x1b"}' \
-device '{"driver":"hda-duplex","id":"sound0-codec0","bus":"sound0.0","cad":0,"audiodev":"audio1"}' \
-global ICH9-LPC.noreboot=off \
-watchdog-action reset \
-chardev spicevmc,id=charredir0,name=usbredir \
-device '{"driver":"usb-redir","chardev":"charredir0","id":"redir0","bus":"usb.0","port":"2"}' \
-chardev spicevmc,id=charredir1,name=usbredir \
-device '{"driver":"usb-redir","chardev":"charredir1","id":"redir1","bus":"usb.0","port":"3"}' \
-device '{"driver":"virtio-balloon-pci","id":"balloon0","bus":"pci.5","addr":"0x0"}' \
-sandbox on,obsolete=deny,elevateprivileges=deny,spawn=deny,resourcecontrol=deny \
-msg timestamp=on
char device redirected to /dev/pts/0 (label charserial0)
2026-09-27 18:39:31.676+0000: Domain id=28 is tainted: custom-monitor
2026-09-27T18:40:26.151767Z qemu-system-x86_64: terminating on signal 15 from pid 103655 (/usr/bin/libvirtd)
2026-09-27 18:40:26.752+0000: shutting down, reason=destroyed
2026-09-27 18:40:29.332+0000: Starting external device: TPM Emulator
/usr/bin/swtpm socket --ctrl type=unixio,path=/run/libvirt/qemu/swtpm/29-win11-siemens-swtpm.sock,mode=0600 --tpmstate dir=/var/lib/libvirt/swtpm/e39af3f0-0d5f-4932-8934-9fe33d19ce86/tpm2,mode=0600,lock --log file=/var/log/swtpm/libvirt/qemu/win11-siemens-swtpm.log --terminate --tpm2
2026-09-27 18:40:29.346+0000: starting up libvirt version: 12.7.0, qemu version: 11.1.1, kernel: 7.2.8-1-cachyos, hostname: cachyos-x8664
LC_ALL=C \
PATH=/usr/local/sbin:/usr/local/bin:/usr/bin \
USER=root \
HOME=/var/lib/libvirt/qemu/domain-29-win11-siemens \
XDG_DATA_HOME=/var/lib/libvirt/qemu/domain-29-win11-siemens/.local/share \
XDG_CACHE_HOME=/var/lib/libvirt/qemu/domain-29-win11-siemens/.cache \
XDG_CONFIG_HOME=/var/lib/libvirt/qemu/domain-29-win11-siemens/.config \
/usr/bin/qemu-system-x86_64 \
-name guest=win11-siemens,debug-threads=on \
-S \
-object '{"qom-type":"secret","id":"masterKey0","format":"raw","file":"/var/lib/libvirt/qemu/domain-29-win11-siemens/master-key.aes"}' \
-blockdev '{"driver":"file","filename":"/usr/share/edk2/x64/OVMF_CODE.secboot.4m.fd","node-name":"libvirt-pflash0-storage","auto-read-only":true,"discard":"unmap"}' \
-blockdev '{"node-name":"libvirt-pflash0-format","read-only":true,"driver":"raw","file":"libvirt-pflash0-storage"}' \
-blockdev '{"driver":"file","filename":"/var/lib/libvirt/qemu/nvram/win11-siemens_VARS.fd","node-name":"libvirt-pflash1-storage","read-only":false}' \
-machine pc-q35-11.1,usb=off,vmport=off,smm=on,dump-guest-core=off,memory-backend=pc.ram,pflash0=libvirt-pflash0-format,pflash1=libvirt-pflash1-storage,hpet=off,acpi=on \
-accel kvm \
-cpu host,migratable=on,hv-time=on,hv-relaxed=on,hv-vapic=on,hv-spinlocks=0x1fff,hv-vpindex=on,hv-runtime=on,hv-synic=on,hv-stimer=on,hv-frequencies=on,hv-tlbflush=on,hv-ipi=on,hv-evmcs=on,hv-avic=on \
-global driver=cfi.pflash01,property=secure,value=on \
-m size=16777216k \
-object '{"qom-type":"memory-backend-ram","id":"pc.ram","size":17179869184}' \
-overcommit mem-lock=off \
-smp 8,sockets=1,dies=1,clusters=1,cores=8,threads=1 \
-uuid e39af3f0-0d5f-4932-8934-9fe33d19ce86 \
-no-user-config \
-nodefaults \
-chardev socket,id=charmonitor,fd=33,server=on,wait=off \
-object '{"qom-type":"monitor-qmp","id":"monitor","chardev":"charmonitor"}' \
-rtc base=localtime,driftfix=slew \
-global kvm-pit.lost_tick_policy=delay \
-no-shutdown \
-global ICH9-LPC.disable_s3=1 \
-global ICH9-LPC.disable_s4=1 \
-boot menu=off,strict=on \
-device '{"driver":"pcie-root-port","port":16,"chassis":1,"id":"pci.1","bus":"pcie.0","multifunction":true,"addr":"0x2"}' \
-device '{"driver":"pcie-root-port","port":17,"chassis":2,"id":"pci.2","bus":"pcie.0","addr":"0x2.0x1"}' \
-device '{"driver":"pcie-root-port","port":18,"chassis":3,"id":"pci.3","bus":"pcie.0","addr":"0x2.0x2"}' \
-device '{"driver":"pcie-root-port","port":19,"chassis":4,"id":"pci.4","bus":"pcie.0","addr":"0x2.0x3"}' \
-device '{"driver":"pcie-root-port","port":20,"chassis":5,"id":"pci.5","bus":"pcie.0","addr":"0x2.0x4"}' \
-device '{"driver":"pcie-root-port","port":21,"chassis":6,"id":"pci.6","bus":"pcie.0","addr":"0x2.0x5"}' \
-device '{"driver":"pcie-root-port","port":22,"chassis":7,"id":"pci.7","bus":"pcie.0","addr":"0x2.0x6"}' \
-device '{"driver":"pcie-root-port","port":23,"chassis":8,"id":"pci.8","bus":"pcie.0","addr":"0x2.0x7"}' \
-device '{"driver":"pcie-root-port","port":24,"chassis":9,"id":"pci.9","bus":"pcie.0","multifunction":true,"addr":"0x3"}' \
-device '{"driver":"pcie-root-port","port":25,"chassis":10,"id":"pci.10","bus":"pcie.0","addr":"0x3.0x1"}' \
-device '{"driver":"pcie-root-port","port":26,"chassis":11,"id":"pci.11","bus":"pcie.0","addr":"0x3.0x2"}' \
-device '{"driver":"pcie-root-port","port":27,"chassis":12,"id":"pci.12","bus":"pcie.0","addr":"0x3.0x3"}' \
-device '{"driver":"pcie-root-port","port":28,"chassis":13,"id":"pci.13","bus":"pcie.0","addr":"0x3.0x4"}' \
-device '{"driver":"pcie-root-port","port":29,"chassis":14,"id":"pci.14","bus":"pcie.0","addr":"0x3.0x5"}' \
-device '{"driver":"qemu-xhci","p2":15,"p3":15,"id":"usb","bus":"pci.3","addr":"0x0"}' \
-device '{"driver":"virtio-scsi-pci","id":"scsi0","bus":"pci.2","addr":"0x0"}' \
-device '{"driver":"virtio-serial-pci","id":"virtio-serial0","bus":"pci.4","addr":"0x0"}' \
-blockdev '{"driver":"host_device","filename":"/dev/zvol/zpcachyos/vms/win11","aio":"io_uring","node-name":"libvirt-4-storage","read-only":false,"discard":"unmap","detect-zeroes":"unmap","cache":{"direct":true,"no-flush":false}}' \
-device '{"driver":"ide-hd","bus":"ide.0","drive":"libvirt-4-storage","id":"sata0-0-0","bootindex":2,"write-cache":"on","serial":"WIN11-E39AF3F00D5F493289349FE33D19CE"}' \
-blockdev '{"driver":"file","filename":"/var/lib/libvirt/boot/Windows11-25H2-Official-Multi-DE.iso","node-name":"libvirt-3-storage","read-only":true}' \
-device '{"driver":"ide-cd","bus":"ide.1","drive":"libvirt-3-storage","id":"sata0-0-1","bootindex":1}' \
-blockdev '{"driver":"file","filename":"/var/lib/libvirt/boot/virtio-win.iso","node-name":"libvirt-2-storage","read-only":true}' \
-device '{"driver":"ide-cd","bus":"ide.2","drive":"libvirt-2-storage","id":"sata0-0-2"}' \
-blockdev '{"driver":"file","filename":"/var/lib/libvirt/boot/win11-siemens-support.iso","node-name":"libvirt-1-storage","read-only":true}' \
-device '{"driver":"ide-cd","bus":"ide.3","drive":"libvirt-1-storage","id":"sata0-0-3"}' \
-netdev '{"type":"tap","fd":"34","id":"hostnet0"}' \
-device '{"driver":"e1000e","netdev":"hostnet0","id":"net0","mac":"52:54:00:df:a5:d1","bus":"pci.1","addr":"0x0"}' \
-chardev pty,id=charserial0 \
-device '{"driver":"isa-serial","chardev":"charserial0","id":"serial0","index":0}' \
-chardev spicevmc,id=charchannel0,name=vdagent \
-device '{"driver":"virtserialport","bus":"virtio-serial0.0","nr":1,"chardev":"charchannel0","id":"channel0","name":"com.redhat.spice.0"}' \
-chardev socket,id=chrtpm,path=/run/libvirt/qemu/swtpm/29-win11-siemens-swtpm.sock \
-tpmdev emulator,id=tpm-tpm0,chardev=chrtpm \
-device '{"driver":"tpm-crb","tpmdev":"tpm-tpm0","id":"tpm0"}' \
-device '{"driver":"usb-tablet","id":"input0","bus":"usb.0","port":"1"}' \
-audiodev '{"id":"audio1","driver":"spice"}' \
-spice port=5900,addr=127.0.0.1,disable-ticketing=on,image-compression=off,streaming-video=off,seamless-migration=on \
-device '{"driver":"VGA","id":"video0","vgamem_mb":16,"bus":"pcie.0","addr":"0x1"}' \
-device '{"driver":"ich9-intel-hda","id":"sound0","bus":"pcie.0","addr":"0x1b"}' \
-device '{"driver":"hda-duplex","id":"sound0-codec0","bus":"sound0.0","cad":0,"audiodev":"audio1"}' \
-global ICH9-LPC.noreboot=off \
-watchdog-action reset \
-chardev spicevmc,id=charredir0,name=usbredir \
-device '{"driver":"usb-redir","chardev":"charredir0","id":"redir0","bus":"usb.0","port":"2"}' \
-chardev spicevmc,id=charredir1,name=usbredir \
-device '{"driver":"usb-redir","chardev":"charredir1","id":"redir1","bus":"usb.0","port":"3"}' \
-device '{"driver":"virtio-balloon-pci","id":"balloon0","bus":"pci.5","addr":"0x0"}' \
-sandbox on,obsolete=deny,elevateprivileges=deny,spawn=deny,resourcecontrol=deny \
-msg timestamp=on
char device redirected to /dev/pts/0 (label charserial0)
2026-09-27 18:40:34.525+0000: Domain id=29 is tainted: custom-monitor
